ID;Информация;Имя;Тип;Подтип;Префикс;TableER;TypeER;ImageFile;Description;ParentDicObject;DicObject;ObjectNumberOPC;Сущность;SortGroup;CountID;SubType
1300000;ПК ЗАРЯ;В работе;Код события;№№;В работе;;;measure;В работе;0;0;;-;;1392;2
1300001;ПК ЗАРЯ;Ошибка обмена со счетчиком;Код события;№№;Ошибка обмена со счетчиком;;;measure;Ошибка обмена со счетчиком;0;0;;-;;1393;2
1300002;ПК ЗАРЯ;Неисправность устройства;Код события;№№;Неисправность устройства;;;measure;Неисправность устройства;0;0;;-;;1394;2
1300003;ПК ЗАРЯ;Неверный пароль;Код события;№№;Неверный пароль;;;measure;Неверный пароль;0;0;;-;;1395;2
1300004;ПК ЗАРЯ;Ошибка сохранения параметров;Код события;№№;Ошибка сохранения параметров;;;measure;Ошибка сохранения параметров;0;0;;-;;1396;2
1300005;ПК ЗАРЯ;Устройство не отвечает;Код события;№№;Устройство не отвечает;;;measure;Устройство не отвечает;0;0;;-;;1397;2
1300006;ПК ЗАРЯ;Невыполнимая команда ;Код события;№№;Невыполнимая команда ;;;measure;Невыполнимая команда ;0;0;;-;;1398;2
1300007;ПК ЗАРЯ;Нет памяти для выполнения команды ;Код события;№№;Нет памяти для выполнения команды ;;;measure;Нет памяти для выполнения команды ;0;0;;-;;1399;2
1300008;ПК ЗАРЯ;Ошибочное подключение устройства;Код события;№№;Ошибочное подключение устройства;;;measure;Ошибочное подключение устройства;0;0;;-;;1400;2
1300009;ПК ЗАРЯ;Канал к счетчику занят другим пользователем;Код события;№№;Канал к счетчику занят другим пользователем;;;measure;Канал к счетчику занят другим пользователем;0;0;;-;;1401;2
1300010;ПК ЗАРЯ;Приняты уставки;Код события;№№;Приняты уставки;;;measure;Приняты уставки;0;0;;-;;1402;2
1300011;ПК ЗАРЯ;Удалены уставки;Код события;№№;Удалены уставки;;;measure;Удалены уставки;0;0;;-;;1403;2
1300012;ПК ЗАРЯ;Ошибка открытия порта;Код события;№№;Ошибка открытия порта;;;measure;Ошибка открытия порта;0;0;;-;;1404;2
1300013;ПК ЗАРЯ;Переполнение очереди;Код события;№№;Переполнение очереди;;;measure;Переполнение очереди;0;0;;-;;1405;2
1300014;ПК ЗАРЯ;Тайм-аут ;Код события;№№;Тайм-аут ;;;measure;Тайм-аут ;0;0;;-;;1406;2
1300015;ПК ЗАРЯ;Произведена замена счетчика;Код события;№№;Произведена замена счетчика;;;measure;Произведена замена счетчика;0;0;;-;;1407;2
1300016;ПК ЗАРЯ;СОЕВ Произведена коррекция времени;Код события;№№;СОЕВ Произведена коррекция времени;;;measure;СОЕВ Произведена коррекция времени;0;0;;-;;1408;2
1300017;ПК ЗАРЯ;Ошибка инициализации порта;Код события;№№;Ошибка инициализации порта;;;measure;Ошибка инициализации порта;0;0;;-;;1409;2
1300018;ПК ЗАРЯ;Отключение питания;Код события;№№;Отключение питания;;;measure;Отключение питания;0;0;;-;;1410;2
1300019;ПК ЗАРЯ;Включение питания;Код события;№№;Включение питания;;;measure;Включение питания;0;0;;-;;1411;2
1300020;ПК ЗАРЯ;Нет данных;Код события;№№;Нет данных;;;measure;Нет данных;0;0;;-;;1412;2
1300021;ПК ЗАРЯ;Ошибка выбранного номера порта;Код события;№№;Ошибка выбранного номера порта;;;measure;Ошибка выбранного номера порта;0;0;;-;;1413;2
1300022;ПК ЗАРЯ;Открыта клеммная крышка;Код события;№№;Открыта клеммная крышка;;;measure;Открыта клеммная крышка;0;0;;-;;1414;2
1300023;ПК ЗАРЯ;Закрыта клеммная крышка;Код события;№№;Закрыта клеммная крышка;;;measure;Закрыта клеммная крышка;0;0;;-;;1415;2
1300024;ПК ЗАРЯ;Несанкционированный доступ к счетчику;Код события;№№;Несанкционированный доступ к счетчику;;;measure;Несанкционированный доступ к счетчику;0;0;;-;;1416;2
1300025;ПК ЗАРЯ;Ua, отсутствие напряжения;Код события;№№;Ua, отсутствие напряжения;;;measure;Ua, отсутствие напряжения;0;0;;-;;1417;2
1300026;ПК ЗАРЯ;Ua, наличие напряжения;Код события;№№;Ua, наличие напряжения;;;measure;Ua, наличие напряжения;0;0;;-;;1418;2
1300027;ПК ЗАРЯ;Ub, отсутствие напряжения;Код события;№№;Ub, отсутствие напряжения;;;measure;Ub, отсутствие напряжения;0;0;;-;;1419;2
1300028;ПК ЗАРЯ;Ub, наличие напряжения;Код события;№№;Ub, наличие напряжения;;;measure;Ub, наличие напряжения;0;0;;-;;1420;2
1300029;ПК ЗАРЯ;Uc, отсутствие напряжения;Код события;№№;Uc, отсутствие напряжения;;;measure;Uc, отсутствие напряжения;0;0;;-;;1421;2
1300030;ПК ЗАРЯ;Uc, наличие напряжения;Код события;№№;Uc, наличие напряжения;;;measure;Uc, наличие напряжения;0;0;;-;;1422;2
1300031;ПК ЗАРЯ;Переход на резервное питание;Код события;№№;Переход на резервное питание;;;measure;Переход на резервное питание;0;0;;-;;1423;2
1300032;ПК ЗАРЯ;Переход на основное питание;Код события;№№;Переход на основное питание;;;measure;Переход на основное питание;0;0;;-;;1424;2
1300033;ПК ЗАРЯ;Самодиагностика прошла успешно;Код события;№№;Самодиагностика прошла успешно;;;measure;Самодиагностика прошла успешно;0;0;;-;;1425;2
1300034;ПК ЗАРЯ;Самодиагностика прошла неудачно;Код события;№№;Самодиагностика прошла неудачно;;;measure;Самодиагностика прошла неудачно;0;0;;-;;1426;2
1300035;ПК ЗАРЯ;Изменение даты счетчика;Код события;№№;Изменение даты счетчика;;;measure;Изменение даты счетчика;0;0;;-;;1427;2
1300036;ПК ЗАРЯ;Изменение пароля в счетчике;Код события;№№;Изменение пароля в счетчике;;;measure;Изменение пароля в счетчике;0;0;;-;;1428;2
1300037;ПК ЗАРЯ;Модификация программы в счетчике;Код события;№№;Модификация программы в счетчике;;;measure;Модификация программы в счетчике;0;0;;-;;1429;2
1300038;ПК ЗАРЯ;Обновление ПО устройства;Код события;№№;Обновление ПО устройства;;;measure;Обновление ПО устройства;0;0;;-;;1430;2
1300039;ПК ЗАРЯ;Ошибка чтения данных из архива;Код события;№№;Ошибка чтения данных из архива;;;measure;Ошибка чтения данных из архива;0;0;;-;;1431;2
1300040;ПК ЗАРЯ;СОЕВ Выход коррекции времени за 5 секунд;Код события;№№;СОЕВ Выход коррекции времени за 5 секунд;;;measure;СОЕВ Выход коррекции времени за 5 секунд;0;0;;-;;1432;2
1300041;ПК ЗАРЯ;Ошибка в файле состояния счетчика;Код события;№№;Ошибка в файле состояния счетчика;;;measure;Ошибка в файле состояния счетчика;0;0;;-;;1433;2
1300042;ПК ЗАРЯ;Ошибка в профиле счетчика;Код события;№№;Ошибка в профиле счетчика;;;measure;Ошибка в профиле счетчика;0;0;;-;;1434;2
1300043;ПК ЗАРЯ;Частота сети за нижней границей нормально допустимых значений;Код события;№№;Частота сети за нижней границей нормально допустимых значений;;;measure;Частота сети за нижней границей нормально допустимых значений;0;0;;-;;1435;2
1300044;ПК ЗАРЯ;Частота сети в диапазоне нормально допустимых значений;Код события;№№;Частота сети в диапазоне нормально допустимых значений;;;measure;Частота сети в диапазоне нормально допустимых значений;0;0;;-;;1436;2
1300045;ПК ЗАРЯ;Частота сети за верхней границей нормально допустимых значений;Код события;№№;Частота сети за верхней границей нормально допустимых значений;;;measure;Частота сети за верхней границей нормально допустимых значений;0;0;;-;;1437;2
1300046;ПК ЗАРЯ;Ua за нижней границей НДЗ;Код события;№№;Ua за нижней границей НДЗ;;;measure;Ua за нижней границей НДЗ;0;0;;-;;1438;2
1300047;ПК ЗАРЯ;Ua в диапазоне НДЗ;Код события;№№;Ua в диапазоне НДЗ;;;measure;Ua в диапазоне НДЗ;0;0;;-;;1439;2
1300048;ПК ЗАРЯ;Ua за верхней границей НДЗ;Код события;№№;Ua за верхней границей НДЗ;;;measure;Ua за верхней границей НДЗ;0;0;;-;;1440;2
1300049;ПК ЗАРЯ;Ub за нижней границей НДЗ;Код события;№№;Ub за нижней границей НДЗ;;;measure;Ub за нижней границей НДЗ;0;0;;-;;1441;2
1300050;ПК ЗАРЯ;Ub в диапазоне НДЗ;Код события;№№;Ub в диапазоне НДЗ;;;measure;Ub в диапазоне НДЗ;0;0;;-;;1442;2
1300051;ПК ЗАРЯ;Ub за верхней границей НДЗ;Код события;№№;Ub за верхней границей НДЗ;;;measure;Ub за верхней границей НДЗ;0;0;;-;;1443;2
1300052;ПК ЗАРЯ;Uc за нижней границей НДЗ;Код события;№№;Uc за нижней границей НДЗ;;;measure;Uc за нижней границей НДЗ;0;0;;-;;1444;2
1300053;ПК ЗАРЯ;Uc в диапазоне НДЗ;Код события;№№;Uc в диапазоне НДЗ;;;measure;Uc в диапазоне НДЗ;0;0;;-;;1445;2
1300054;ПК ЗАРЯ;Uc за верхней границей НДЗ;Код события;№№;Uc за верхней границей НДЗ;;;measure;Uc за верхней границей НДЗ;0;0;;-;;1446;2
1300055;ПК ЗАРЯ;Частота сети за нижней границей предельно допустимых значений ;Код события;№№;Частота сети за нижней границей предельно допустимых значений ;;;measure;Частота сети за нижней границей предельно допустимых значений ;0;0;;-;;1447;2
1300056;ПК ЗАРЯ;Частота сети в диапазоне предельно допустимых значений;Код события;№№;Частота сети в диапазоне предельно допустимых значений;;;measure;Частота сети в диапазоне предельно допустимых значений;0;0;;-;;1464;2
1300057;ПК ЗАРЯ;Частота сети за верхней границей предельно допустимых значений;Код события;№№;Частота сети за верхней границей предельно допустимых значений;;;measure;Частота сети за верхней границей предельно допустимых значений;0;0;;-;;1465;2
1300058;ПК ЗАРЯ;Ua за нижней границей предельно допустимых значений;Код события;№№;Ua за нижней границей предельно допустимых значений;;;measure;Ua за нижней границей предельно допустимых значений;0;0;;-;;1466;2
1300059;ПК ЗАРЯ;Ua в диапазоне предельно допустимых значений;Код события;№№;Ua в диапазоне предельно допустимых значений;;;measure;Ua в диапазоне предельно допустимых значений;0;0;;-;;1467;2
1300060;ПК ЗАРЯ;Ua за верхней границей предельно допустимых значений;Код события;№№;Ua за верхней границей предельно допустимых значений;;;measure;Ua за верхней границей предельно допустимых значений;0;0;;-;;1468;2
1300061;ПК ЗАРЯ;Ub за нижней границей предельно допустимых значений ;Код события;№№;Ub за нижней границей предельно допустимых значений ;;;measure;Ub за нижней границей предельно допустимых значений ;0;0;;-;;1469;2
1300062;ПК ЗАРЯ;Ub в диапазоне предельно допустимых значений;Код события;№№;Ub в диапазоне предельно допустимых значений;;;measure;Ub в диапазоне предельно допустимых значений;0;0;;-;;1470;2
1300063;ПК ЗАРЯ;Ub за верхней границей предельно допустимых значений;Код события;№№;Ub за верхней границей предельно допустимых значений;;;measure;Ub за верхней границей предельно допустимых значений;0;0;;-;;1471;2
1300064;ПК ЗАРЯ;Uc за нижней границей предельно допустимых значений;Код события;№№;Uc за нижней границей предельно допустимых значений;;;measure;Uc за нижней границей предельно допустимых значений;0;0;;-;;1472;2
1300065;ПК ЗАРЯ;Uc в диапазоне предельно допустимых значений ;Код события;№№;Uc в диапазоне предельно допустимых значений ;;;measure;Uc в диапазоне предельно допустимых значений ;0;0;;-;;1473;2
1300066;ПК ЗАРЯ;Uc за верхней границей предельно допустимых значений;Код события;№№;Uc за верхней границей предельно допустимых значений;;;measure;Uc за верхней границей предельно допустимых значений;0;0;;-;;1474;2
1300067;ПК ЗАРЯ;Сброс опроса счетчика ;Код события;№№;Сброс опроса счетчика ;;;measure;Сброс опроса счетчика ;0;0;;-;;1475;2
1300068;ПК ЗАРЯ;Сброс накопленных данных энергии в счетчике;Код события;№№;Сброс накопленных данных энергии в счетчике;;;measure;Сброс накопленных данных энергии в счетчике;0;0;;-;;1476;2
1300069;ПК ЗАРЯ;Завершение запроса за интервал;Код события;№№;Завершение запроса за интервал;;;measure;Завершение запроса за интервал;0;0;;-;;1477;2
1300070;ПК ЗАРЯ;Pabc за нижней границей НДЗ;Код события;№№;Pabc за нижней границей НДЗ;;;measure;Pabc за нижней границей НДЗ;0;0;;-;;1478;2
1300071;ПК ЗАРЯ;Pabc в диапазоне НДЗ;Код события;№№;Pabc в диапазоне НДЗ;;;measure;Pabc в диапазоне НДЗ;0;0;;-;;1479;2
1300072;ПК ЗАРЯ;Pabc за верхней границей НДЗ;Код события;№№;Pabc за верхней границей НДЗ;;;measure;Pabc за верхней границей НДЗ;0;0;;-;;1480;2
1300073;ПК ЗАРЯ;Qabc за нижней границей нормально допустимых значений ;Код события;№№;Qabc за нижней границей нормально допустимых значений ;;;measure;Qabc за нижней границей нормально допустимых значений ;0;0;;-;;1481;2
1300074;ПК ЗАРЯ;Qabc в диапазоне нормально допустимых значений ;Код события;№№;Qabc в диапазоне нормально допустимых значений ;;;measure;Qabc в диапазоне нормально допустимых значений ;0;0;;-;;1482;2
1300075;ПК ЗАРЯ;Qabc за верхней границей нормально допустимых значений ;Код события;№№;Qabc за верхней границей нормально допустимых значений ;;;measure;Qabc за верхней границей нормально допустимых значений ;0;0;;-;;1483;2
1300076;ПК ЗАРЯ;Ia за нижней границей НДЗ;Код события;№№;Ia за нижней границей НДЗ;;;measure;Ia за нижней границей НДЗ;0;0;;-;;1484;2
1300077;ПК ЗАРЯ;Ia в диапазоне нормально допустимых значений;Код события;№№;Ia в диапазоне нормально допустимых значений;;;measure;Ia в диапазоне нормально допустимых значений;0;0;;-;;1485;2
1300078;ПК ЗАРЯ;Ia за верхней границей НДЗ;Код события;№№;Ia за верхней границей НДЗ;;;measure;Ia за верхней границей НДЗ;0;0;;-;;1486;2
1300079;ПК ЗАРЯ;Ib за нижней границей НДЗ;Код события;№№;Ib за нижней границей НДЗ;;;measure;Ib за нижней границей НДЗ;0;0;;-;;1487;2
1300080;ПК ЗАРЯ;Ib в диапазоне нормально допустимых значений;Код события;№№;Ib в диапазоне нормально допустимых значений;;;measure;Ib в диапазоне нормально допустимых значений;0;0;;-;;1488;2
1300081;ПК ЗАРЯ;Ib за верхней границей НДЗ;Код события;№№;Ib за верхней границей НДЗ;;;measure;Ib за верхней границей НДЗ;0;0;;-;;1490;2
1300082;ПК ЗАРЯ;Ic за нижней границей НДЗ;Код события;№№;Ic за нижней границей НДЗ;;;measure;Ic за нижней границей НДЗ;0;0;;-;;1491;2
1300083;ПК ЗАРЯ;Ic в диапазоне нормально допустимых значений;Код события;№№;Ic в диапазоне нормально допустимых значений;;;measure;Ic в диапазоне нормально допустимых значений;0;0;;-;;1495;2
1300084;ПК ЗАРЯ;Ic за верхней границей НДЗ;Код события;№№;Ic за верхней границей НДЗ;;;measure;Ic за верхней границей НДЗ;0;0;;-;;1496;2
1300085;ПК ЗАРЯ;Частота сети вне диапазона нормально допустимых значений;Код события;№№;Частота сети вне диапазона нормально допустимых значений;;;measure;Частота сети вне диапазона нормально допустимых значений;0;0;;-;;1500;2
1300086;ПК ЗАРЯ;Частота сети вне диапазона предельно допустимых значений;Код события;№№;Частота сети вне диапазона предельно допустимых значений;;;measure;Частота сети вне диапазона предельно допустимых значений;0;0;;-;;1501;2
1300087;ПК ЗАРЯ;Ua вне диапазона нормально допустимых значений ;Код события;№№;Ua вне диапазона нормально допустимых значений ;;;measure;Ua вне диапазона нормально допустимых значений ;0;0;;-;;1502;2
1300088;ПК ЗАРЯ;Ua вне диапазона предельно допустимых значений ;Код события;№№;Ua вне диапазона предельно допустимых значений ;;;measure;Ua вне диапазона предельно допустимых значений ;0;0;;-;;1503;2
1300089;ПК ЗАРЯ;Ub вне диапазона нормально допустимых значений ;Код события;№№;Ub вне диапазона нормально допустимых значений ;;;measure;Ub вне диапазона нормально допустимых значений ;0;0;;-;;1504;2
1300090;ПК ЗАРЯ;Ub вне диапазона предельно допустимых значений ;Код события;№№;Ub вне диапазона предельно допустимых значений ;;;measure;Ub вне диапазона предельно допустимых значений ;0;0;;-;;1505;2
1300091;ПК ЗАРЯ;Uc вне диапазона нормально допустимых значений ;Код события;№№;Uc вне диапазона нормально допустимых значений ;;;measure;Uc вне диапазона нормально допустимых значений ;0;0;;-;;1506;2
1300092;ПК ЗАРЯ;Uc вне диапазона предельно допустимых значений ;Код события;№№;Uc вне диапазона предельно допустимых значений ;;;measure;Uc вне диапазона предельно допустимых значений ;0;0;;-;;1507;2
1300093;ПК ЗАРЯ;Ошибка в конфигурации СЭЭ;Код события;№№;Ошибка в конфигурации СЭЭ;;;measure;Ошибка в конфигурации СЭЭ;0;0;;-;;1508;2
1300094;ПК ЗАРЯ;Данная модификация счетчика не поддерживается текущей версией ПО;Код события;№№;Данная модификация счетчика не поддерживается текущей версией ПО;;;measure;Данная модификация счетчика не поддерживается текущей версией ПО;0;0;;-;;1509;2
1300095;ПК ЗАРЯ;Подтверждение выдачи телекоманды на счетчик ;Код события;№№;Подтверждение выдачи телекоманды на счетчик ;;;measure;Подтверждение выдачи телекоманды на счетчик ;0;0;;-;;1510;2
1300096;ПК ЗАРЯ;Напряжение прямой последовательности за нижней границей нормально допустимых значений;Код события;№№;Напряжение прямой последовательности за нижней границей нормально допустимых значений;;;measure;Напряжение прямой последовательности за нижней границей нормально допустимых значений;0;0;;-;;1511;2
1300097;ПК ЗАРЯ;Напряжение прямой последовательности в диапазоне нормально допустимых значений;Код события;№№;Напряжение прямой последовательности в диапазоне нормально допустимых значений;;;measure;Напряжение прямой последовательности в диапазоне нормально допустимых значений;0;0;;-;;1512;2
1300098;ПК ЗАРЯ;Напряжение прямой последовательности за верхней границей нормально допустимых значений;Код события;№№;Напряжение прямой последовательности за верхней границей нормально допустимых значений;;;measure;Напряжение прямой последовательности за верхней границей нормально допустимых значений;0;0;;-;;1513;2
1300099;ПК ЗАРЯ;Напряжение прямой последовательности за нижней границей предельно допустимых значений;Код события;№№;Напряжение прямой последовательности за нижней границей предельно допустимых значений;;;measure;Напряжение прямой последовательности за нижней границей предельно допустимых значений;0;0;;-;;1514;2
1300100;ПК ЗАРЯ;Напряжение прямой последовательности в диапазоне предельно допустимых значений;Код события;№№;Напряжение прямой последовательности в диапазоне предельно допустимых значений;;;measure;Напряжение прямой последовательности в диапазоне предельно допустимых значений;0;0;;-;;1515;2
1300101;ПК ЗАРЯ;Напряжение прямой последовательности за верхней границей предельно допустимых значений;Код события;№№;Напряжение прямой последовательности за верхней границей предельно допустимых значений;;;measure;Напряжение прямой последовательности за верхней границей предельно допустимых значений;0;0;;-;;1516;2
1300102;ПК ЗАРЯ;Напряжение прямой последовательности вне диапазона нормально допустимых значений ;Код события;№№;Напряжение прямой последовательности вне диапазона нормально допустимых значений ;;;measure;Напряжение прямой последовательности вне диапазона нормально допустимых значений ;0;0;;-;;1517;2
1300103;ПК ЗАРЯ;Напряжение прямой последовательности вне диапазона предельно допустимых значений ;Код события;№№;Напряжение прямой последовательности вне диапазона предельно допустимых значений ;;;measure;Напряжение прямой последовательности вне диапазона предельно допустимых значений ;0;0;;-;;1518;2
1300104;ПК ЗАРЯ;Доступ заблокирован по превышению предела отказов в доступе;Код события;№№;Доступ заблокирован по превышению предела отказов в доступе;;;measure;Доступ заблокирован по превышению предела отказов в доступе;0;0;;-;;1519;2
1300105;ПК ЗАРЯ;Сброс EEPROM;Код события;№№;Сброс EEPROM;;;measure;Сброс EEPROM;0;0;;-;;1520;2
1300106;ПК ЗАРЯ;Сброс показаний;Код события;№№;Сброс показаний;;;measure;Сброс показаний;0;0;;-;;1521;2
1300107;ПК ЗАРЯ;Сброс профиля;Код события;№№;Сброс профиля;;;measure;Сброс профиля;0;0;;-;;1522;2
1300108;ПК ЗАРЯ;Сброс пароля;Код события;№№;Сброс пароля;;;measure;Сброс пароля;0;0;;-;;1523;2
1300109;ПК ЗАРЯ;СОЕВ Изменение корректора суточного хода часов;Код события;№№;СОЕВ Изменение корректора суточного хода часов;;;measure;СОЕВ Изменение корректора суточного хода часов;0;0;;-;;1524;2
1300110;ПК ЗАРЯ;Изменение коэффициента трансформации;Код события;№№;Изменение коэффициента трансформации;;;measure;Изменение коэффициента трансформации;0;0;;-;;1525;2
1300111;ПК ЗАРЯ;Изменение периода интегрирования;Код события;№№;Изменение периода интегрирования;;;measure;Изменение периода интегрирования;0;0;;-;;1526;2
1300112;ПК ЗАРЯ;Установка даты и времени;Код события;№№;Установка даты и времени;;;measure;Установка даты и времени;0;0;;-;;1527;2
1300113;ПК ЗАРЯ;Изменение времени ;Код события;№№;Изменение времени ;;;measure;Изменение времени ;0;0;;-;;1528;2
1300114;ПК ЗАРЯ;Перезагрузка;Код события;№№;Перезагрузка;;;measure;Перезагрузка;0;0;;-;;1529;2
1300115;ПК ЗАРЯ;Перезагрузка по сторожевому таймеру;Код события;№№;Перезагрузка по сторожевому таймеру;;;measure;Перезагрузка по сторожевому таймеру;0;0;;-;;1530;2
1300116;ПК ЗАРЯ;Перезагрузка по переполнению стека ;Код события;№№;Перезагрузка по переполнению стека ;;;measure;Перезагрузка по переполнению стека ;0;0;;-;;1531;2
1300117;ПК ЗАРЯ;Перезагрузка по опустошению стека;Код события;№№;Перезагрузка по опустошению стека;;;measure;Перезагрузка по опустошению стека;0;0;;-;;1532;2
1300118;ПК ЗАРЯ;СОЕВ Отправлена команда установки корректора хода часов;Код события;№№;СОЕВ Отправлена команда установки корректора хода часов;;;measure;СОЕВ Отправлена команда установки корректора хода часов;0;0;;-;;1533;2
1300119;ПК ЗАРЯ;Начало поиска недостающих данных ;Код события;№№;Начало поиска недостающих данных ;;;measure;Начало поиска недостающих данных ;0;0;;-;;1534;2
1300120;ПК ЗАРЯ;Ошибка в структуре ответа СЭЭ;Код события;№№;Ошибка в структуре ответа СЭЭ;;;measure;Ошибка в структуре ответа СЭЭ;0;0;;-;;1535;2
1300121;ПК ЗАРЯ;Ошибка преобразования расширенного профиля в старый;Код события;№№;Ошибка преобразования расширенного профиля в старый;;;measure;Ошибка преобразования расширенного профиля в старый;0;0;;-;;1536;2
1300122;ПК ЗАРЯ;Ошибка в алгоритмах ПО;Код события;№№;Ошибка в алгоритмах ПО;;;measure;Ошибка в алгоритмах ПО;0;0;;-;;1537;2
1300123;ПК ЗАРЯ;Корректировка уставок на счетчике;Код события;№№;Корректировка уставок на счетчике;;;measure;Корректировка уставок на счетчике;0;0;;-;;1538;2
1300124;ПК ЗАРЯ;Реверс энергии ;Код события;№№;Реверс энергии ;;;measure;Реверс энергии ;0;0;;-;;1539;2
1300125;ПК ЗАРЯ;Перегрузка по току ;Код события;№№;Перегрузка по току ;;;measure;Перегрузка по току ;0;0;;-;;1540;2
1300126;ПК ЗАРЯ;Ошибка работы PLС (МП-04) ;Код события;№№;Ошибка работы PLС (МП-04) ;;;measure;Ошибка работы PLС (МП-04) ;0;0;;-;;1541;2
1300127;ПК ЗАРЯ;Группа кодов состояния КП;Код события;№№;Группа кодов состояния КП;;;measure;Группа кодов состояния КП;0;0;;-;;1542;2
1300128;ПК ЗАРЯ;Группа кодов действий КП ;Код события;№№;Группа кодов действий КП ;;;measure;Группа кодов действий КП ;0;0;;-;;1543;2
1300129;ПК ЗАРЯ;Вскрытия корпуса счетчика ;Код события;№№;Вскрытия корпуса счетчика ;;;measure;Вскрытия корпуса счетчика ;0;0;;-;;1544;2
1300130;ПК ЗАРЯ;Вход ТС включен ;Код события;№№;Вход ТС включен ;;;measure;Вход ТС включен ;0;0;;-;;1545;2
1300131;ПК ЗАРЯ;Вход ТС отключен;Код события;№№;Вход ТС отключен;;;measure;Вход ТС отключен;0;0;;-;;1546;2
1300132;ПК ЗАРЯ;Выход ТУ включен;Код события;№№;Выход ТУ включен;;;measure;Выход ТУ включен;0;0;;-;;1547;2
1300133;ПК ЗАРЯ;Выход ТУ отключен;Код события;№№;Выход ТУ отключен;;;measure;Выход ТУ отключен;0;0;;-;;1548;2
1300134;ПК ЗАРЯ;Объект ТУ включен ;Код события;№№;Объект ТУ включен ;;;measure;Объект ТУ включен ;0;0;;-;;1549;2
1300135;ПК ЗАРЯ;Объект ТУ отключен ;Код события;№№;Объект ТУ отключен ;;;measure;Объект ТУ отключен ;0;0;;-;;1550;2
1300136;ПК ЗАРЯ;Недостаточный уровень доступа для выполнения команды;Код события;№№;Недостаточный уровень доступа для выполнения команды;;;measure;Недостаточный уровень доступа для выполнения команды;0;0;;-;;1551;2
1300137;ПК ЗАРЯ;Группа кодов событий в формате СЭЭ;Код события;№№;свободно;;;measure;свободно;0;0;;-;;1552;2
1300138;ПК ЗАРЯ;Прочитан запрошенный файл из ИУ в контроллер;Код события;№№;Прочитан запрошенный файл из ИУ в контроллер;;;measure;Прочитан запрошенный файл из ИУ в контроллер;0;0;;-;;1553;2
1300139;ПК ЗАРЯ;Шум в канале связи СЭЭ;Код события;№№;Шум в канале связи СЭЭ;;;measure;Шум в канале связи СЭЭ;0;0;;-;;1554;2
1300140;ПК ЗАРЯ;Несоответствие расхода по показаниям с расходом по профилю СЭЭ;Код события;№№;Несоответствие расхода по показаниям с расходом по профилю СЭЭ;;;measure;Несоответствие расхода по показаниям с расходом по профилю СЭЭ;0;0;;-;;1555;2
1300141;ПК ЗАРЯ;Группа кодов состояния СЭЭ;Код события;№№;Группа кодов состояния СЭЭ;;;measure;Группа кодов состояния СЭЭ;0;0;;-;;1559;2
1300142;ПК ЗАРЯ;Группа кодов конфигурации СЭЭ;Код события;№№;Группа кодов конфигурации СЭЭ;;;measure;Группа кодов конфигурации СЭЭ;0;0;;-;;1560;2
1300143;ПК ЗАРЯ;Идентификатор СЭЭ;Код события;№№;Идентификатор СЭЭ;;;measure;Идентификатор СЭЭ;0;0;;-;;1561;2
1300144;ПК ЗАРЯ;Тип адресации ПО ;Код события;№№;Тип адресации ПО ;;;measure;Тип адресации ПО ;0;0;;-;;1562;2
1300145;ПК ЗАРЯ;Разница времени СЭЭ и ИВКЭ;Код события;№№;Разница времени СЭЭ и ИВКЭ;;;measure;Разница времени СЭЭ и ИВКЭ;0;0;;-;;1563;2
1300146;ПК ЗАРЯ;Текущее время СЭЭ и смещение от GMT;Код события;№№;Текущее время СЭЭ и смещение от GMT;;;measure;Текущее время СЭЭ и смещение от GMT;0;0;;-;;1564;2
1300147;ПК ЗАРЯ;Текущий обработанный срез и состояние по СЭЭ;Код события;№№;Текущий обработанный срез и состояние по СЭЭ;;;measure;Текущий обработанный срез и состояние по СЭЭ;0;0;;-;;1565;2
1300148;ПК ЗАРЯ;СОЕВ Произведена коррекция времени (в мс);Код события;№№;СОЕВ Произведена коррекция времени (в мс);;;measure;СОЕВ Произведена коррекция времени (в мс);0;0;;-;;1566;2
1300149;ПК ЗАРЯ;СОЕВ Отправлена отложенная коррекция времени в мс / Установка корректора суточного хода в мс ;Код события;№№;СОЕВ Отправлена отложенная коррекция времени в мс / Установка корректора суточного хода в мс ;;;measure;СОЕВ Отправлена отложенная коррекция времени в мс / Установка корректора суточного хода в мс ;0;0;;-;;1567;2
1300150;ПК ЗАРЯ;СОЕВ Отправлена установка времени СЭЭ утилитой на хх минут;Код события;№№;СОЕВ Отправлена установка времени СЭЭ утилитой на хх минут;;;measure;СОЕВ Отправлена установка времени СЭЭ утилитой на хх минут;0;0;;-;;1568;2
1300151;ПК ЗАРЯ;Выдана команда объекту ТУ: Включить ;Код события;№№;Выдана команда объекту ТУ: Включить ;;;measure;Выдана команда объекту ТУ: Включить ;0;0;;-;;1569;2
1300152;ПК ЗАРЯ;Выдана команда объекту ТУ: Отключить;Код события;№№;Выдана команда объекту ТУ: Отключить;;;measure;Выдана команда объекту ТУ: Отключить;0;0;;-;;1570;2
1300153;ПК ЗАРЯ;Выдана команда выходу ТУ: Включить ;Код события;№№;Выдана команда выходу ТУ: Включить ;;;measure;Выдана команда выходу ТУ: Включить ;0;0;;-;;1571;2
1300154;ПК ЗАРЯ;Выдана команда выходу ТУ: Отключить;Код события;№№;Выдана команда выходу ТУ: Отключить;;;measure;Выдана команда выходу ТУ: Отключить;0;0;;-;;1572;2
1300155;ПК ЗАРЯ;Результат выполнения команды. В данных события 0/1 (отрицательное/положительное подтверждение);Код события;№№;Результат выполнения команды. В данных события 0/1 (отрицательное/положительное подтверждение);;;measure;Результат выполнения команды. В данных события 0/1 (отрицательное/положительное подтверждение);0;0;;-;;1573;2
1300156;ПК ЗАРЯ;СОЕВ Изменение корректора суточного хода часов;Код события;№№;СОЕВ Изменение корректора суточного хода часов;;;measure;СОЕВ Изменение корректора суточного хода часов;0;0;;-;;1574;2
1300157;ПК ЗАРЯ;СОЕВ Отложенная коррекция времени ;Код события;№№;СОЕВ Отложенная коррекция времени ;;;measure;СОЕВ Отложенная коррекция времени ;0;0;;-;;1575;2
1300158;ПК ЗАРЯ;СОЕВ Отложенная коррекция времени (=157);Код события;№№;СОЕВ Отложенная коррекция времени (=157);;;measure;СОЕВ Отложенная коррекция времени (=157);0;0;;-;;1576;2
1300159;ПК ЗАРЯ;СОЕВ Широковещательная коррекция времени ;Код события;№№;СОЕВ Широковещательная коррекция времени ;;;measure;СОЕВ Широковещательная коррекция времени ;0;0;;-;;1577;2
1300160;ПК ЗАРЯ;СОЕВ Отправлена отложенная коррекция времени в мс / Установка корректора суточного хода в мс (=149);Код события;№№;СОЕВ Отправлена отложенная коррекция времени в мс / Установка корректора суточного хода в мс (=149);;;measure;СОЕВ Отправлена отложенная коррекция времени в мс / Установка корректора суточного хода в мс (=149);0;0;;-;;1578;2
1300161;ПК ЗАРЯ;СОЕВ Отправлена коррекция времени СЭЭ ;Код события;№№;СОЕВ Отправлена коррекция времени СЭЭ ;;;measure;СОЕВ Отправлена коррекция времени СЭЭ ;0;0;;-;;1579;2
1300162;ПК ЗАРЯ;СОЕВ Отправлена широковещательная коррекция времени СЭЭ;Код события;№№;СОЕВ Отправлена широковещательная коррекция времени СЭЭ;;;measure;СОЕВ Отправлена широковещательная коррекция времени СЭЭ;0;0;;-;;1580;2
1300163;ПК ЗАРЯ;Перезагрузка по команде ;Код события;№№;Перезагрузка по команде ;;;measure;Перезагрузка по команде ;0;0;;-;;1581;2
1300164;ПК ЗАРЯ;Перезагрузка для защиты низкоприоритетных задач;Код события;№№;Перезагрузка для защиты низкоприоритетных задач;;;measure;Перезагрузка для защиты низкоприоритетных задач;0;0;;-;;1582;2
1300165;ПК ЗАРЯ;Перезагрузка из-за ошибки работы с FRAM памятью ;Код события;№№;Перезагрузка из-за ошибки работы с FRAM памятью ;;;measure;Перезагрузка из-за ошибки работы с FRAM памятью ;0;0;;-;;1583;2
1300166;ПК ЗАРЯ;Ошибка: в таблице с коэффициентами во FLASH-памяти;Код события;№№;Ошибка: в таблице с коэффициентами во FLASH-памяти;;;measure;Ошибка: в таблице с коэффициентами во FLASH-памяти;0;0;;-;;1584;2
1300167;ПК ЗАРЯ;Ошибка: расчета данных счетчиком;Код события;№№;Ошибка: расчета данных счетчиком;;;measure;Ошибка: расчета данных счетчиком;0;0;;-;;1585;2
1300168;ПК ЗАРЯ;Перезагрузка из-за ошибки работы с часами реального времени;Код события;№№;Перезагрузка из-за ошибки работы с часами реального времени;;;measure;Перезагрузка из-за ошибки работы с часами реального времени;0;0;;-;;1586;2
1300169;ПК ЗАРЯ;Батарея часов разряжена;Код события;№№;Батарея часов разряжена;;;measure;Батарея часов разряжена;0;0;;-;;1587;2
1300170;ПК ЗАРЯ;Ошибка: работы с часами реального времени ;Код события;№№;Ошибка: работы с часами реального времени ;;;measure;Ошибка: работы с часами реального времени ;0;0;;-;;1588;2
1300171;ПК ЗАРЯ;Ошибка: записи в LCD ;Код события;№№;Ошибка: записи в LCD ;;;measure;Ошибка: записи в LCD ;0;0;;-;;1589;2
1300172;ПК ЗАРЯ;Ошибка: включения счетчика исполнения 57 В в сеть 220 В ;Код события;№№;Ошибка: включения счетчика исполнения 57 В в сеть 220 В ;;;measure;Ошибка: включения счетчика исполнения 57 В в сеть 220 В ;0;0;;-;;1590;2
1300180;КП;Изменение коэффициента трансформации счетчика;Код события;№№;Изменение коэффициента трансформации счетчика;;;;Изменение коэффициента трансформации счетчика;0;0;;-;;9883;2
1300181;КП;Изменение ручного коэффициента трансформации счетчика;Код события;№№;Изменение ручного коэффициента трансформации счетчика;;;;Изменение ручного коэффициента трансформации счетчика;0;0;;-;;9884;2
1300208;ПК ЗАРЯ;Неверная контрольная сумма показаний энергии;Код события;№№;Неверная контрольная сумма показаний энергии;;;measure;Неверная контрольная сумма показаний энергии;0;0;;-;;1591;2
1300209;ПК ЗАРЯ;Сбой в работе файловой системы, нарушена целостность файла;Код события;№№;Сбой в работе файловой системы, нарушена целостность файла;;;measure;Сбой в работе файловой системы, нарушена целостность файла;0;0;;-;;1592;2
1300210;ПК ЗАРЯ;Сбой в работе файловой системы, файл не найден;Код события;№№;Сбой в работе файловой системы, файл не найден;;;measure;Сбой в работе файловой системы, файл не найден;0;0;;-;;1593;2
1300211;ПК ЗАРЯ;Остановка часов реального времени;Код события;№№;Остановка часов реального времени;;;measure;Остановка часов реального времени;0;0;;-;;1594;2
1300212;ПК ЗАРЯ;Очистка журнала конфигурирования;Код события;№№;Очистка журнала конфигурирования;;;measure;Очистка журнала конфигурирования;0;0;;-;;1595;2
1300213;ПК ЗАРЯ;Очистка журнала связи;Код события;№№;Очистка журнала связи;;;measure;Очистка журнала связи;0;0;;-;;1596;2
1300214;ПК ЗАРЯ;Сброс профиля месячных показаний;Код события;№№;Сброс профиля месячных показаний;;;measure;Сброс профиля месячных показаний;0;0;;-;;1597;2
1300215;ПК ЗАРЯ;Сброс профиля суточных показаний;Код события;№№;Сброс профиля суточных показаний;;;measure;Сброс профиля суточных показаний;0;0;;-;;1598;2
1300216;ПК ЗАРЯ;Очистка журналов событий;Код события;№№;Очистка журналов событий;;;measure;Очистка журналов событий;0;0;;-;;1599;2
1300217;ПК ЗАРЯ;Неверное чередование фаз;Код события;№№;Неверное чередование фаз;;;measure;Неверное чередование фаз;0;0;;-;;1600;2
1300218;ПК ЗАРЯ;Верное чередование фаз;Код события;№№;Верное чередование фаз;;;measure;Верное чередование фаз;0;0;;-;;1601;2
1300219;ПК ЗАРЯ;Батарея часов в норме;Код события;№№;Батарея часов в норме;;;measure;Батарея часов в норме;0;0;;-;;1602;2
1300220;ПК ЗАРЯ;Начало воздействия магнитным полем;Код события;№№;Начало воздействия магнитным полем;;;measure;Начало воздействия магнитным полем;0;0;;-;;1603;2
1300221;ПК ЗАРЯ;Окончание воздействия магнитным полем;Код события;№№;Окончание воздействия магнитным полем;;;measure;Окончание воздействия магнитным полем;0;0;;-;;1604;2
1300222;ПК ЗАРЯ;Наличие напряжения после отключения реле;Код события;№№;Наличие напряжения после отключения реле;;;measure;Наличие напряжения после отключения реле;0;0;;-;;1605;2
1300223;ПК ЗАРЯ;Отсутствие напряжения после отключения реле;Код события;№№;Отсутствие напряжения после отключения реле;;;measure;Отсутствие напряжения после отключения реле;0;0;;-;;1606;2
1300224;ПК ЗАРЯ;Отключение реле, превышение температуры;Код события;№№;Отключение реле, превышение температуры;;;measure;Отключение реле, превышение температуры;0;0;;-;;1607;2
1300225;ПК ЗАРЯ;Разблокировка реле, температура в норме;Код события;№№;Разблокировка реле, температура в норме;;;measure;Разблокировка реле, температура в норме;0;0;;-;;1608;2
1300226;ПК ЗАРЯ;Открыта крышка измерительной части счетчика;Код события;№№;Открыта крышка измерительной части счетчика;;;measure;Открыта крышка измерительной части счетчика;0;0;;-;;1609;2
1300227;ПК ЗАРЯ;Закрыта крышка измерительной части счетчика;Код события;№№;Закрыта крышка измерительной части счетчика;;;measure;Закрыта крышка измерительной части счетчика;0;0;;-;;1610;2
1300228;ПК ЗАРЯ;Наличие фазного напряжения фазы A после отключения реле фазы A;Код события;№№;Наличие фазного напряжения фазы A после отключения реле фазы A;;;measure;Наличие фазного напряжения фазы A после отключения реле фазы A;0;0;;-;;1611;2
1300229;ПК ЗАРЯ;Отсутствие фазного напряжения фазы A после отключения реле фазы A;Код события;№№;Отсутствие фазного напряжения фазы A после отключения реле фазы A;;;measure;Отсутствие фазного напряжения фазы A после отключения реле фазы A;0;0;;-;;1612;2
1300230;ПК ЗАРЯ;Наличие фазного напряжения фазы B после отключения реле фазы B;Код события;№№;Наличие фазного напряжения фазы B после отключения реле фазы B;;;measure;Наличие фазного напряжения фазы B после отключения реле фазы B;0;0;;-;;1613;2
1300231;ПК ЗАРЯ;Отсутствие фазного напряжения фазы B после отключения реле фазы B;Код события;№№;Отсутствие фазного напряжения фазы B после отключения реле фазы B;;;measure;Отсутствие фазного напряжения фазы B после отключения реле фазы B;0;0;;-;;1614;2
1300232;ПК ЗАРЯ;Наличие фазного напряжения фазы C после отключения реле фазы C;Код события;№№;Наличие фазного напряжения фазы C после отключения реле фазы C;;;measure;Наличие фазного напряжения фазы C после отключения реле фазы C;0;0;;-;;1615;2
1300233;ПК ЗАРЯ;Отсутствие фазного напряжения фазы C после отключения реле фазы C;Код события;№№;Отсутствие фазного напряжения фазы C после отключения реле фазы C;;;measure;Отсутствие фазного напряжения фазы C после отключения реле фазы C;0;0;;-;;1616;2
1300234;ПК ЗАРЯ;Обновление ПО PLC модуля;Код события;№№;Обновление ПО PLC модуля;;;measure;Обновление ПО PLC модуля;0;0;;-;;1617;2
1300235;ПК ЗАРЯ;Обновление ПО RF модуля;Код события;№№;Обновление ПО RF модуля;;;measure;Обновление ПО RF модуля;0;0;;-;;1618;2
1300236;ПК ЗАРЯ;Обновление ПО ZigBee модуля;Код события;№№;Обновление ПО ZigBee модуля;;;measure;Обновление ПО ZigBee модуля;0;0;;-;;1619;2
1300237;ПК ЗАРЯ;Отключение реле с кнопок счетчика;Код события;№№;Отключение реле с кнопок счетчика;;;measure;Отключение реле с кнопок счетчика;0;0;;-;;1620;2
1300238;ПК ЗАРЯ;Отключение реле с кнопок счетчика, фаза A;Код события;№№;Отключение реле с кнопок счетчика, фаза A;;;measure;Отключение реле с кнопок счетчика, фаза A;0;0;;-;;1621;2
1300239;ПК ЗАРЯ;Отключение реле с кнопок счетчика, фаза B;Код события;№№;Отключение реле с кнопок счетчика, фаза B;;;measure;Отключение реле с кнопок счетчика, фаза B;0;0;;-;;1622;2
1300240;ПК ЗАРЯ;Отключение реле с кнопок счетчика, фаза C;Код события;№№;Отключение реле с кнопок счетчика, фаза C;;;measure;Отключение реле с кнопок счетчика, фаза C;0;0;;-;;1623;2
1300241;ПК ЗАРЯ;Отключение реле по уставкам;Код события;№№;Отключение реле по уставкам;;;measure;Отключение реле по уставкам;0;0;;-;;1624;2
1300242;ПК ЗАРЯ;Отключение реле по уставкам, фаза A;Код события;№№;Отключение реле по уставкам, фаза A;;;measure;Отключение реле по уставкам, фаза A;0;0;;-;;1625;2
1300243;ПК ЗАРЯ;Отключение реле по уставкам, фаза B;Код события;№№;Отключение реле по уставкам, фаза B;;;measure;Отключение реле по уставкам, фаза B;0;0;;-;;1626;2
1300244;ПК ЗАРЯ;Отключение реле по уставкам, фаза C;Код события;№№;Отключение реле по уставкам, фаза C;;;measure;Отключение реле по уставкам, фаза C;0;0;;-;;1627;2
1300245;ПК ЗАРЯ;Отключение реле по каналу связи;Код события;№№;Отключение реле по каналу связи;;;measure;Отключение реле по каналу связи;0;0;;-;;1628;2
1300246;ПК ЗАРЯ;Отключение реле по каналу связи, фаза A;Код события;№№;Отключение реле по каналу связи, фаза A;;;measure;Отключение реле по каналу связи, фаза A;0;0;;-;;1629;2
1300247;ПК ЗАРЯ;Отключение реле по каналу связи, фаза B;Код события;№№;Отключение реле по каналу связи, фаза B;;;measure;Отключение реле по каналу связи, фаза B;0;0;;-;;1630;2
1300248;ПК ЗАРЯ;Отключение реле по каналу связи, фаза C;Код события;№№;Отключение реле по каналу связи, фаза C;;;measure;Отключение реле по каналу связи, фаза C;0;0;;-;;1631;2
1300249;ПК ЗАРЯ;Запрещение местного управления реле;Код события;№№;Запрещение местного управления реле;;;measure;Запрещение местного управления реле;0;0;;-;;1632;2
1300250;ПК ЗАРЯ;Запрещение местного управления реле, фаза A;Код события;№№;Запрещение местного управления реле, фаза A;;;measure;Запрещение местного управления реле, фаза A;0;0;;-;;1633;2
1300251;ПК ЗАРЯ;Запрещение местного управления реле, фаза B;Код события;№№;Запрещение местного управления реле, фаза B;;;measure;Запрещение местного управления реле, фаза B;0;0;;-;;1634;2
1300252;ПК ЗАРЯ;Запрещение местного управления реле, фаза C;Код события;№№;Запрещение местного управления реле, фаза C;;;measure;Запрещение местного управления реле, фаза C;0;0;;-;;1635;2
1300256;ПК ЗАРЯ;Включение реле с кнопок счетчика;Код события;№№;Включение реле с кнопок счетчика;;;measure;Включение реле с кнопок счетчика;0;0;;-;;1636;2
1300257;ПК ЗАРЯ;Включение реле с кнопок счетчика, фаза A;Код события;№№;Включение реле с кнопок счетчика, фаза A;;;measure;Включение реле с кнопок счетчика, фаза A;0;0;;-;;1637;2
1300258;ПК ЗАРЯ;Включение реле с кнопок счетчика, фаза B;Код события;№№;Включение реле с кнопок счетчика, фаза B;;;measure;Включение реле с кнопок счетчика, фаза B;0;0;;-;;1638;2
1300259;ПК ЗАРЯ;Включение реле с кнопок счетчика, фаза C;Код события;№№;Включение реле с кнопок счетчика, фаза C;;;measure;Включение реле с кнопок счетчика, фаза C;0;0;;-;;1639;2
1300260;ПК ЗАРЯ;Включение реле по уставкам;Код события;№№;Включение реле по уставкам;;;measure;Включение реле по уставкам;0;0;;-;;1640;2
1300261;ПК ЗАРЯ;Включение реле по уставкам, фаза A;Код события;№№;Включение реле по уставкам, фаза A;;;measure;Включение реле по уставкам, фаза A;0;0;;-;;1641;2
1300262;ПК ЗАРЯ;Включение реле по уставкам, фаза B;Код события;№№;Включение реле по уставкам, фаза B;;;measure;Включение реле по уставкам, фаза B;0;0;;-;;1642;2
1300263;ПК ЗАРЯ;Включение реле по уставкам, фаза C;Код события;№№;Включение реле по уставкам, фаза C;;;measure;Включение реле по уставкам, фаза C;0;0;;-;;1643;2
1300264;ПК ЗАРЯ;Включение реле по каналу связи;Код события;№№;Включение реле по каналу связи;;;measure;Включение реле по каналу связи;0;0;;-;;1644;2
1300265;ПК ЗАРЯ;Включение реле по каналу связи, фаза A;Код события;№№;Включение реле по каналу связи, фаза A;;;measure;Включение реле по каналу связи, фаза A;0;0;;-;;1645;2
1300266;ПК ЗАРЯ;Включение реле по каналу связи, фаза B;Код события;№№;Включение реле по каналу связи, фаза B;;;measure;Включение реле по каналу связи, фаза B;0;0;;-;;1646;2
1300267;ПК ЗАРЯ;Включение реле по каналу связи, фаза C;Код события;№№;Включение реле по каналу связи, фаза C;;;measure;Включение реле по каналу связи, фаза C;0;0;;-;;1647;2
1300268;ПК ЗАРЯ;Очистка журнала мониторинга;Код события;№№;Очистка журнала мониторинга;;;measure;Очистка журнала мониторинга;0;0;;-;;1648;2
1300269;ПК ЗАРЯ;Ошибки работы с БД: Неверная длина сообщения;Код события;№№;Ошибки работы с БД: Неверная длина сообщения;;;measure;Ошибки работы с БД: Неверная длина сообщения;0;0;;-;;1649;2
1300270;ПК ЗАРЯ;Разрешение местного управления реле;Код события;№№;Разрешение местного управления реле;;;measure;Разрешение местного управления реле;0;0;;-;;1650;2
1300271;ПК ЗАРЯ;Разрешение местного управления реле, фаза A;Код события;№№;Разрешение местного управления реле, фаза A;;;measure;Разрешение местного управления реле, фаза A;0;0;;-;;1651;2
1300272;ПК ЗАРЯ;Разрешение местного управления реле, фаза B;Код события;№№;Разрешение местного управления реле, фаза B;;;measure;Разрешение местного управления реле, фаза B;0;0;;-;;1652;2
1300273;ПК ЗАРЯ;Разрешение местного управления реле, фаза C;Код события;№№;Разрешение местного управления реле, фаза C;;;measure;Разрешение местного управления реле, фаза C;0;0;;-;;1653;2
1300274;ПК ЗАРЯ;Начало корректировки времени;Код события;№№;Начало корректировки времени;;;measure;Начало корректировки времени;0;0;;-;;1654;2
1300275;ПК ЗАРЯ;Конец корректировки времени;Код события;№№;Конец корректировки времени;;;measure;Конец корректировки времени;0;0;;-;;1655;2
1300276;ПК ЗАРЯ;Начало установки времени;Код события;№№;Начало установки времени;;;measure;Начало установки времени;0;0;;-;;1656;2
1300277;ПК ЗАРЯ;Конец установки времени;Код события;№№;Конец установки времени;;;measure;Конец установки времени;0;0;;-;;1657;2
1300278;ПК ЗАРЯ;PLC. Поиск сети;Код события;№№;PLC. Поиск сети;;;measure;PLC. Поиск сети;0;0;;-;;1658;2
1300279;ПК ЗАРЯ;PLC. Базовая станция;Код события;№№;PLC. Базовая станция;;;measure;PLC. Базовая станция;0;0;;-;;1659;2
1300280;ПК ЗАРЯ;PLC. Удаленная станция;Код события;№№;PLC. Удаленная станция;;;measure;PLC. Удаленная станция;0;0;;-;;1660;2
1300281;ПК ЗАРЯ;PLC. Устройство родитель нестабильно;Код события;№№;PLC. Устройство родитель нестабильно;;;measure;PLC. Устройство родитель нестабильно;0;0;;-;;1661;2
1300282;ПК ЗАРЯ;PLC. NVR Nack;Код события;№№;PLC. NVR Nack;;;measure;PLC. NVR Nack;0;0;;-;;1662;2
1300283;ПК ЗАРЯ;PLC. Бесконечность;Код события;№№;PLC. Бесконечность;;;measure;PLC. Бесконечность;0;0;;-;;1663;2
1300284;ПК ЗАРЯ;PLC. Инициализация;Код события;№№;PLC. Инициализация;;;measure;PLC. Инициализация;0;0;;-;;1664;2
1300285;ПК ЗАРЯ;PLC. Невозможно запустить таймер;Код события;№№;PLC. Невозможно запустить таймер;;;measure;PLC. Невозможно запустить таймер;0;0;;-;;1665;2
1300286;ПК ЗАРЯ;PLC. NVR Отказал;Код события;№№;PLC. NVR Отказал;;;measure;PLC. NVR Отказал;0;0;;-;;1666;2
1300287;ПК ЗАРЯ;PLC. NVR Enq;Код события;№№;PLC. NVR Enq;;;measure;PLC. NVR Enq;0;0;;-;;1667;2
1300288;ПК ЗАРЯ;PLC. Недействительный физический адрес счетчика;Код события;№№;PLC. Недействительный физический адрес счетчика;;;measure;PLC. Недействительный физический адрес счетчика;0;0;;-;;1668;2
1300289;ПК ЗАРЯ;PLC. Отключен по запросу приложения;Код события;№№;PLC. Отключен по запросу приложения;;;measure;PLC. Отключен по запросу приложения;0;0;;-;;1669;2
1300291;ПК ЗАРЯ;PLC. Отказ подключения из-за переполненой базы ID в базовой станции;Код события;№№;PLC. Отказ подключения из-за переполненой базы ID в базовой станции;;;measure;PLC. Отказ подключения из-за переполненой базы ID в базовой станции;0;0;;-;;1670;2
1300292;ПК ЗАРЯ;PLC. Отказ подключения приложением базовой станции;Код события;№№;PLC. Отказ подключения приложением базовой станции;;;measure;PLC. Отказ подключения приложением базовой станции;0;0;;-;;1671;2
1300293;ПК ЗАРЯ;PLC. Не подключен без причины;Код события;№№;PLC. Не подключен без причины;;;measure;PLC. Не подключен без причины;0;0;;-;;1672;2
1300294;ПК ЗАРЯ;PLC. Серийный номер вне допустимого диапазона;Код события;№№;PLC. Серийный номер вне допустимого диапазона;;;measure;PLC. Серийный номер вне допустимого диапазона;0;0;;-;;1673;2
1300295;ПК ЗАРЯ;PLC. Дублированный физический адрес счетчика;Код события;№№;PLC. Дублированный физический адрес счетчика;;;measure;PLC. Дублированный физический адрес счетчика;0;0;;-;;1674;2
1300296;ПК ЗАРЯ;PLC. Неправильный физический адрес счетчика;Код события;№№;PLC. Неправильный физический адрес счетчика;;;measure;PLC. Неправильный физический адрес счетчика;0;0;;-;;1675;2
1300297;ПК ЗАРЯ;PLC. Неправильный ключ сети;Код события;№№;PLC. Неправильный ключ сети;;;measure;PLC. Неправильный ключ сети;0;0;;-;;1676;2
1300298;ПК ЗАРЯ;Сброс профиля фазы A;Код события;№№;Сброс профиля фазы A;;;measure;Сброс профиля фазы A;0;0;;-;;1677;2
1300299;ПК ЗАРЯ;Сброс профиля месячных показаний фазы A;Код события;№№;Сброс профиля месячных показаний фазы A;;;measure;Сброс профиля месячных показаний фазы A;0;0;;-;;1678;2
1300300;ПК ЗАРЯ;Сброс профиля суточных показаний фазы A;Код события;№№;Сброс профиля суточных показаний фазы A;;;measure;Сброс профиля суточных показаний фазы A;0;0;;-;;1679;2
1300301;ПК ЗАРЯ;Сброс профиля фазы B;Код события;№№;Сброс профиля фазы B;;;measure;Сброс профиля фазы B;0;0;;-;;1680;2
1300302;ПК ЗАРЯ;Сброс профиля месячных показаний фазы B;Код события;№№;Сброс профиля месячных показаний фазы B;;;measure;Сброс профиля месячных показаний фазы B;0;0;;-;;1681;2
1300303;ПК ЗАРЯ;Сброс профиля суточных показаний фазы B;Код события;№№;Сброс профиля суточных показаний фазы B;;;measure;Сброс профиля суточных показаний фазы B;0;0;;-;;1682;2
1300304;ПК ЗАРЯ;Сброс профиля фазы C;Код события;№№;Сброс профиля фазы C;;;measure;Сброс профиля фазы C;0;0;;-;;1683;2
1300305;ПК ЗАРЯ;Сброс профиля месячных показаний фазы C;Код события;№№;Сброс профиля месячных показаний фазы C;;;measure;Сброс профиля месячных показаний фазы C;0;0;;-;;10629;2
1300306;ПК ЗАРЯ;Дубликат_Сброс профиля фазы C;Код события;№№;Сброс профиля фазы C;;;measure;Сброс профиля фазы C;0;0;;-;;10630;2
1300307;ПК ЗАРЯ;Служебное событие;Код события;№№;Служебное событие;;;measure;Служебное событие;0;0;;-;;1764;2
1300308;ПК ЗАРЯ;Превышение относительного отклонения по току фазы A;Код события;№№;Превышение относительного отклонения по току фазы A;;;measure;Превышение относительного отклонения по току фазы A;0;0;;-;;10631;2
1300309;ПК ЗАРЯ;Превышение относительного отклонения по току фазы B;Код события;№№;Превышение относительного отклонения по току фазы B;;;measure;Превышение относительного отклонения по току фазы B;0;0;;-;;10632;2
1300310;ПК ЗАРЯ;Превышение относительного отклонения по току фазы C;Код события;№№;Превышение относительного отклонения по току фазы C;;;measure;Превышение относительного отклонения по току фазы C;0;0;;-;;10633;2
1300311;ПК ЗАРЯ;Значение тока в фазе A вышло за верхнюю границу предельно допустимого значения;Код события;№№;Значение тока в фазе A вышло за верхнюю границу предельно допустимого значения;;;measure;Значение тока в фазе A вышло за верхнюю границу предельно допустимого значения;0;0;;-;;10634;2
1300312;ПК ЗАРЯ;Значение тока в фазе A вернулось в диапазон предельно допустимого значения;Код события;№№;Значение тока в фазе A вернулось в диапазон предельно допустимого значения;;;measure;Значение тока в фазе A вернулось в диапазон предельно допустимого значения;0;0;;-;;10635;2
1300313;ПК ЗАРЯ;Значение тока в фазе A вышло за нижнюю границу предельно допустимого значения;Код события;№№;Значение тока в фазе A вышло за нижнюю границу предельно допустимого значения;;;measure;Значение тока в фазе A вышло за нижнюю границу предельно допустимого значения;0;0;;-;;10636;2
1300314;ПК ЗАРЯ;Значение тока в фазе B вышло за верхнюю границу предельно допустимого значения;Код события;№№;Значение тока в фазе B вышло за верхнюю границу предельно допустимого значения;;;measure;Значение тока в фазе B вышло за верхнюю границу предельно допустимого значения;0;0;;-;;10637;2
1300315;ПК ЗАРЯ;Значение тока в фазе B вернулось в диапазон предельно допустимого значения;Код события;№№;Значение тока в фазе B вернулось в диапазон предельно допустимого значения;;;measure;Значение тока в фазе B вернулось в диапазон предельно допустимого значения;0;0;;-;;10638;2
1300316;ПК ЗАРЯ;Значение тока в фазе B вышло за нижнюю границу предельно допустимого значения;Код события;№№;Значение тока в фазе B вышло за нижнюю границу предельно допустимого значения;;;measure;Значение тока в фазе B вышло за нижнюю границу предельно допустимого значения;0;0;;-;;10639;2
1300317;ПК ЗАРЯ;Значение тока в фазе C вышло за верхнюю границу предельно допустимого значения;Код события;№№;Значение тока в фазе C вышло за верхнюю границу предельно допустимого значения;;;measure;Значение тока в фазе C вышло за верхнюю границу предельно допустимого значения;0;0;;-;;10640;2
1300318;ПК ЗАРЯ;Значение тока в фазе C вернулось в диапазон предельно допустимого значения;Код события;№№;Значение тока в фазе C вернулось в диапазон предельно допустимого значения;;;measure;Значение тока в фазе C вернулось в диапазон предельно допустимого значения;0;0;;-;;10641;2
1300319;ПК ЗАРЯ;Значение тока в фазе C вышло за нижнюю границу предельно допустимого значения;Код события;№№;Значение тока в фазе C вышло за нижнюю границу предельно допустимого значения;;;measure;Значение тока в фазе C вышло за нижнюю границу предельно допустимого значения;0;0;;-;;10642;2
1300320;ПК ЗАРЯ;Превышение относительного отклонения по напряжению фазы A;Код события;№№;Превышение относительного отклонения по напряжению фазы A;;;measure;Превышение относительного отклонения по напряжению фазы A;0;0;;-;;10643;2
1300321;ПК ЗАРЯ;Превышение относительного отклонения по напряжению фазы B;Код события;№№;Превышение относительного отклонения по напряжению фазы B;;;measure;Превышение относительного отклонения по напряжению фазы B;0;0;;-;;10644;2
1300322;ПК ЗАРЯ;Превышение относительного отклонения по напряжению фазы C;Код события;№№;Превышение относительного отклонения по напряжению фазы C;;;measure;Превышение относительного отклонения по напряжению фазы C;0;0;;-;;10645;2
1300323;ПК ЗАРЯ;Активная мощность фазы A за нижней границей нормально допустимого значения;Код события;№№;Активная мощность фазы A за нижней границей нормально допустимого значения;;;measure;Активная мощность фазы A за нижней границей нормально допустимого значения;0;0;;-;;10646;2
1300324;ПК ЗАРЯ;Активная мощность фазы A в диапазоне нормально допустимых значений;Код события;№№;Активная мощность фазы A в диапазоне нормально допустимых значений;;;measure;Активная мощность фазы A в диапазоне нормально допустимых значений;0;0;;-;;10647;2
1300325;ПК ЗАРЯ;Активная мощность фазы A за верхней границей нормально допустимых значений;Код события;№№;Активная мощность фазы A за верхней границей нормально допустимых значений;;;measure;Активная мощность фазы A за верхней границей нормально допустимых значений;0;0;;-;;10648;2
1300326;ПК ЗАРЯ;Активная мощность фазы A за нижней границей предельно допустимого значения;Код события;№№;Активная мощность фазы A за нижней границей предельно допустимого значения;;;measure;Активная мощность фазы A за нижней границей предельно допустимого значения;0;0;;-;;10649;2
1300327;ПК ЗАРЯ;Активная мощность фазы A в диапазоне предельно допустимых значений;Код события;№№;Активная мощность фазы A в диапазоне предельно допустимых значений;;;measure;Активная мощность фазы A в диапазоне предельно допустимых значений;0;0;;-;;10650;2
1300328;ПК ЗАРЯ;Активная мощность фазы A за верхней границей предельно допустимых значений;Код события;№№;Активная мощность фазы A за верхней границей предельно допустимых значений;;;measure;Активная мощность фазы A за верхней границей предельно допустимых значений;0;0;;-;;10651;2
1300329;ПК ЗАРЯ;Превышение относительного отклонения по активной мощности фазы A;Код события;№№;Превышение относительного отклонения по активной мощности фазы A;;;measure;Превышение относительного отклонения по активной мощности фазы A;0;0;;-;;10652;2
1300330;ПК ЗАРЯ;Активная мощность фазы B за нижней границей нормально допустимого значения;Код события;№№;Активная мощность фазы B за нижней границей нормально допустимого значения;;;measure;Активная мощность фазы B за нижней границей нормально допустимого значения;0;0;;-;;10653;2
1300331;ПК ЗАРЯ;Активная мощность фазы B в диапазоне нормально допустимых значений;Код события;№№;Активная мощность фазы B в диапазоне нормально допустимых значений;;;measure;Активная мощность фазы B в диапазоне нормально допустимых значений;0;0;;-;;10654;2
1300332;ПК ЗАРЯ;Активная мощность фазы B за верхней границей нормально допустимых значений;Код события;№№;Активная мощность фазы B за верхней границей нормально допустимых значений;;;measure;Активная мощность фазы B за верхней границей нормально допустимых значений;0;0;;-;;10655;2
1300333;ПК ЗАРЯ;Активная мощность фазы B за нижней границей предельно допустимого значения;Код события;№№;Активная мощность фазы B за нижней границей предельно допустимого значения;;;measure;Активная мощность фазы B за нижней границей предельно допустимого значения;0;0;;-;;10656;2
1300334;ПК ЗАРЯ;Активная мощность фазы B в диапазоне предельно допустимых значений;Код события;№№;Активная мощность фазы B в диапазоне предельно допустимых значений;;;measure;Активная мощность фазы B в диапазоне предельно допустимых значений;0;0;;-;;10657;2
1300335;ПК ЗАРЯ;Активная мощность фазы B за верхней границей предельно допустимых значений;Код события;№№;Активная мощность фазы B за верхней границей предельно допустимых значений;;;measure;Активная мощность фазы B за верхней границей предельно допустимых значений;0;0;;-;;10658;2
1300336;ПК ЗАРЯ;Превышение относительного отклонения по активной мощности фазы B;Код события;№№;Превышение относительного отклонения по активной мощности фазы B;;;measure;Превышение относительного отклонения по активной мощности фазы B;0;0;;-;;10659;2
1300337;ПК ЗАРЯ;Активная мощность фазы C за нижней границей нормально допустимого значения;Код события;№№;Активная мощность фазы C за нижней границей нормально допустимого значения;;;measure;Активная мощность фазы C за нижней границей нормально допустимого значения;0;0;;-;;10660;2
1300338;ПК ЗАРЯ;Активная мощность фазы C в диапазоне нормально допустимых значений;Код события;№№;Активная мощность фазы C в диапазоне нормально допустимых значений;;;measure;Активная мощность фазы C в диапазоне нормально допустимых значений;0;0;;-;;10661;2
1300339;ПК ЗАРЯ;Активная мощность фазы C за верхней границей нормально допустимых значений;Код события;№№;Активная мощность фазы C за верхней границей нормально допустимых значений;;;measure;Активная мощность фазы C за верхней границей нормально допустимых значений;0;0;;-;;10662;2
1300340;ПК ЗАРЯ;Активная мощность фазы C за нижней границей предельно допустимого значения;Код события;№№;Активная мощность фазы C за нижней границей предельно допустимого значения;;;measure;Активная мощность фазы C за нижней границей предельно допустимого значения;0;0;;-;;10663;2
1300341;ПК ЗАРЯ;Активная мощность фазы C в диапазоне предельно допустимых значений;Код события;№№;Активная мощность фазы C в диапазоне предельно допустимых значений;;;measure;Активная мощность фазы C в диапазоне предельно допустимых значений;0;0;;-;;10664;2
1300342;ПК ЗАРЯ;Активная мощность фазы C за верхней границей предельно допустимых значений;Код события;№№;Активная мощность фазы C за верхней границей предельно допустимых значений;;;measure;Активная мощность фазы C за верхней границей предельно допустимых значений;0;0;;-;;10665;2
1300343;ПК ЗАРЯ;Превышение относительного отклонения по активной мощности фазы C;Код события;№№;Превышение относительного отклонения по активной мощности фазы C;;;measure;Превышение относительного отклонения по активной мощности фазы C;0;0;;-;;10666;2
1300344;ПК ЗАРЯ;Активная мощность за нижней границей предельно допустимого значения;Код события;№№;Активная мощность за нижней границей предельно допустимого значения;;;measure;Активная мощность за нижней границей предельно допустимого значения;0;0;;-;;10667;2
1300345;ПК ЗАРЯ;Активная мощность в диапазоне предельно допустимых значений;Код события;№№;Активная мощность в диапазоне предельно допустимых значений;;;measure;Активная мощность в диапазоне предельно допустимых значений;0;0;;-;;10668;2
1300346;ПК ЗАРЯ;Активная мощность за верхней границей предельно допустимых значений;Код события;№№;Активная мощность за верхней границей предельно допустимых значений;;;measure;Активная мощность за верхней границей предельно допустимых значений;0;0;;-;;10669;2
1300347;ПК ЗАРЯ;Превышение относительного отклонения по активной мощности;Код события;№№;Превышение относительного отклонения по активной мощности;;;measure;Превышение относительного отклонения по активной мощности;0;0;;-;;10670;2
1300348;ПК ЗАРЯ;Реактивная мощность фазы A за нижней границей нормально допустимого значения;Код события;№№;Реактивная мощность фазы A за нижней границей нормально допустимого значения;;;measure;Реактивная мощность фазы A за нижней границей нормально допустимого значения;0;0;;-;;10671;2
1300349;ПК ЗАРЯ;Реактивная мощность фазы A в диапазоне нормально допустимых значений;Код события;№№;Реактивная мощность фазы A в диапазоне нормально допустимых значений;;;measure;Реактивная мощность фазы A в диапазоне нормально допустимых значений;0;0;;-;;10672;2
1300350;ПК ЗАРЯ;Реактивная мощность фазы A за верхней границей нормально допустимых значений;Код события;№№;Реактивная мощность фазы A за верхней границей нормально допустимых значений;;;measure;Реактивная мощность фазы A за верхней границей нормально допустимых значений;0;0;;-;;10673;2
1300351;ПК ЗАРЯ;Реактивная мощность фазы A за нижней границей предельно допустимого значения;Код события;№№;Реактивная мощность фазы A за нижней границей предельно допустимого значения;;;measure;Реактивная мощность фазы A за нижней границей предельно допустимого значения;0;0;;-;;10674;2
1300352;ПК ЗАРЯ;Реактивная мощность фазы A в диапазоне предельно допустимых значений;Код события;№№;Реактивная мощность фазы A в диапазоне предельно допустимых значений;;;measure;Реактивная мощность фазы A в диапазоне предельно допустимых значений;0;0;;-;;10675;2
1300353;ПК ЗАРЯ;Реактивная мощность фазы A за верхней границей предельно допустимых значений;Код события;№№;Реактивная мощность фазы A за верхней границей предельно допустимых значений;;;measure;Реактивная мощность фазы A за верхней границей предельно допустимых значений;0;0;;-;;10676;2
1300354;ПК ЗАРЯ;Превышение относительного отклонения по реактивной мощности фазы A;Код события;№№;Превышение относительного отклонения по реактивной мощности фазы A;;;measure;Превышение относительного отклонения по реактивной мощности фазы A;0;0;;-;;10677;2
1300355;ПК ЗАРЯ;Реактивная мощность фазы B за нижней границей нормально допустимого значения;Код события;№№;Реактивная мощность фазы B за нижней границей нормально допустимого значения;;;measure;Реактивная мощность фазы B за нижней границей нормально допустимого значения;0;0;;-;;10678;2
1300356;ПК ЗАРЯ;Реактивная мощность фазы B в диапазоне нормально допустимых значений;Код события;№№;Реактивная мощность фазы B в диапазоне нормально допустимых значений;;;measure;Реактивная мощность фазы B в диапазоне нормально допустимых значений;0;0;;-;;10679;2
1300357;ПК ЗАРЯ;Реактивная мощность фазы B за верхней границей нормально допустимых значений;Код события;№№;Реактивная мощность фазы B за верхней границей нормально допустимых значений;;;measure;Реактивная мощность фазы B за верхней границей нормально допустимых значений;0;0;;-;;10680;2
1300358;ПК ЗАРЯ;Реактивная мощность фазы B за нижней границей предельно допустимого значения;Код события;№№;Реактивная мощность фазы B за нижней границей предельно допустимого значения;;;measure;Реактивная мощность фазы B за нижней границей предельно допустимого значения;0;0;;-;;10681;2
1300359;ПК ЗАРЯ;Реактивная мощность фазы B в диапазоне предельно допустимых значений;Код события;№№;Реактивная мощность фазы B в диапазоне предельно допустимых значений;;;measure;Реактивная мощность фазы B в диапазоне предельно допустимых значений;0;0;;-;;10682;2
1300360;ПК ЗАРЯ;Реактивная мощность фазы B за верхней границей предельно допустимых значений;Код события;№№;Реактивная мощность фазы B за верхней границей предельно допустимых значений;;;measure;Реактивная мощность фазы B за верхней границей предельно допустимых значений;0;0;;-;;10683;2
1300361;ПК ЗАРЯ;Превышение относительного отклонения по реактивной мощности фазы B;Код события;№№;Превышение относительного отклонения по реактивной мощности фазы B;;;measure;Превышение относительного отклонения по реактивной мощности фазы B;0;0;;-;;10684;2
1300362;ПК ЗАРЯ;Реактивная мощность фазы C за нижней границей нормально допустимого значения;Код события;№№;Реактивная мощность фазы C за нижней границей нормально допустимого значения;;;measure;Реактивная мощность фазы C за нижней границей нормально допустимого значения;0;0;;-;;10685;2
1300363;ПК ЗАРЯ;Реактивная мощность фазы C в диапазоне нормально допустимых значений;Код события;№№;Реактивная мощность фазы C в диапазоне нормально допустимых значений;;;measure;Реактивная мощность фазы C в диапазоне нормально допустимых значений;0;0;;-;;10686;2
1300364;ПК ЗАРЯ;Реактивная мощность фазы C за верхней границей нормально допустимых значений;Код события;№№;Реактивная мощность фазы C за верхней границей нормально допустимых значений;;;measure;Реактивная мощность фазы C за верхней границей нормально допустимых значений;0;0;;-;;10687;2
1300365;ПК ЗАРЯ;Реактивная мощность фазы C за нижней границей предельно допустимого значения;Код события;№№;Реактивная мощность фазы C за нижней границей предельно допустимого значения;;;measure;Реактивная мощность фазы C за нижней границей предельно допустимого значения;0;0;;-;;10688;2
1300366;ПК ЗАРЯ;Реактивная мощность фазы C в диапазоне предельно допустимых значений;Код события;№№;Реактивная мощность фазы C в диапазоне предельно допустимых значений;;;measure;Реактивная мощность фазы C в диапазоне предельно допустимых значений;0;0;;-;;10689;2
1300367;ПК ЗАРЯ;Реактивная мощность фазы C за верхней границей предельно допустимых значений;Код события;№№;Реактивная мощность фазы C за верхней границей предельно допустимых значений;;;measure;Реактивная мощность фазы C за верхней границей предельно допустимых значений;0;0;;-;;10690;2
1300368;ПК ЗАРЯ;Превышение относительного отклонения по реактивной мощности фазы C;Код события;№№;Превышение относительного отклонения по реактивной мощности фазы C;;;measure;Превышение относительного отклонения по реактивной мощности фазы C;0;0;;-;;10691;2
1300369;ПК ЗАРЯ;Реактивная мощность за нижней границей предельно допустимого значения;Код события;№№;Реактивная мощность за нижней границей предельно допустимого значения;;;measure;Реактивная мощность за нижней границей предельно допустимого значения;0;0;;-;;10692;2
1300370;ПК ЗАРЯ;Реактивная мощность в диапазоне предельно допустимых значений;Код события;№№;Реактивная мощность в диапазоне предельно допустимых значений;;;measure;Реактивная мощность в диапазоне предельно допустимых значений;0;0;;-;;10693;2
1300371;ПК ЗАРЯ;Реактивная мощность за верхней границей предельно допустимых значений;Код события;№№;Реактивная мощность за верхней границей предельно допустимых значений;;;measure;Реактивная мощность за верхней границей предельно допустимых значений;0;0;;-;;10694;2
1300372;ПК ЗАРЯ;Превышение относительного отклонения по реактивной мощности;Код события;№№;Превышение относительного отклонения по реактивной мощности;;;measure;Превышение относительного отклонения по реактивной мощности;0;0;;-;;10695;2
1300373;ПК ЗАРЯ;Полная мощность фазы A за нижней границей нормально допустимого значения;Код события;№№;Полная мощность фазы A за нижней границей нормально допустимого значения;;;measure;Полная мощность фазы A за нижней границей нормально допустимого значения;0;0;;-;;10696;2
1300374;ПК ЗАРЯ;Полная мощность фазы A в диапазоне нормально допустимых значений;Код события;№№;Полная мощность фазы A в диапазоне нормально допустимых значений;;;measure;Полная мощность фазы A в диапазоне нормально допустимых значений;0;0;;-;;10697;2
1300375;ПК ЗАРЯ;Полная мощность фазы A за верхней границей нормально допустимых значений;Код события;№№;Полная мощность фазы A за верхней границей нормально допустимых значений;;;measure;Полная мощность фазы A за верхней границей нормально допустимых значений;0;0;;-;;10698;2
1300376;ПК ЗАРЯ;Полная мощность фазы A за нижней границей предельно допустимого значения;Код события;№№;Полная мощность фазы A за нижней границей предельно допустимого значения;;;measure;Полная мощность фазы A за нижней границей предельно допустимого значения;0;0;;-;;10699;2
1300377;ПК ЗАРЯ;Полная мощность фазы A в диапазоне предельно допустимых значений;Код события;№№;Полная мощность фазы A в диапазоне предельно допустимых значений;;;measure;Полная мощность фазы A в диапазоне предельно допустимых значений;0;0;;-;;10700;2
1300378;ПК ЗАРЯ;Полная мощность фазы A за верхней границей предельно допустимых значений;Код события;№№;Полная мощность фазы A за верхней границей предельно допустимых значений;;;measure;Полная мощность фазы A за верхней границей предельно допустимых значений;0;0;;-;;10701;2
1300379;ПК ЗАРЯ;Превышение относительного отклонения по полной мощности фазы A;Код события;№№;Превышение относительного отклонения по полной мощности фазы A;;;measure;Превышение относительного отклонения по полной мощности фазы A;0;0;;-;;10702;2
1300380;ПК ЗАРЯ;Полная мощность фазы B за нижней границей нормально допустимого значения;Код события;№№;Полная мощность фазы B за нижней границей нормально допустимого значения;;;measure;Полная мощность фазы B за нижней границей нормально допустимого значения;0;0;;-;;10703;2
1300381;ПК ЗАРЯ;Полная мощность фазы B в диапазоне нормально допустимых значений;Код события;№№;Полная мощность фазы B в диапазоне нормально допустимых значений;;;measure;Полная мощность фазы B в диапазоне нормально допустимых значений;0;0;;-;;10704;2
1300382;ПК ЗАРЯ;Полная мощность фазы B за верхней границей нормально допустимых значений;Код события;№№;Полная мощность фазы B за верхней границей нормально допустимых значений;;;measure;Полная мощность фазы B за верхней границей нормально допустимых значений;0;0;;-;;10705;2
1300383;ПК ЗАРЯ;Полная мощность фазы B за нижней границей предельно допустимого значения;Код события;№№;Полная мощность фазы B за нижней границей предельно допустимого значения;;;measure;Полная мощность фазы B за нижней границей предельно допустимого значения;0;0;;-;;10706;2
1300384;ПК ЗАРЯ;Полная мощность фазы B в диапазоне предельно допустимых значений;Код события;№№;Полная мощность фазы B в диапазоне предельно допустимых значений;;;measure;Полная мощность фазы B в диапазоне предельно допустимых значений;0;0;;-;;10707;2
1300385;ПК ЗАРЯ;Полная мощность фазы B за верхней границей предельно допустимых значений;Код события;№№;Полная мощность фазы B за верхней границей предельно допустимых значений;;;measure;Полная мощность фазы B за верхней границей предельно допустимых значений;0;0;;-;;10708;2
1300386;ПК ЗАРЯ;Превышение относительного отклонения по полной мощности фазы B;Код события;№№;Превышение относительного отклонения по полной мощности фазы B;;;measure;Превышение относительного отклонения по полной мощности фазы B;0;0;;-;;10709;2
1300387;ПК ЗАРЯ;Полная мощность фазы C за нижней границей нормально допустимого значения;Код события;№№;Полная мощность фазы C за нижней границей нормально допустимого значения;;;measure;Полная мощность фазы C за нижней границей нормально допустимого значения;0;0;;-;;10710;2
1300388;ПК ЗАРЯ;Полная мощность фазы C в диапазоне нормально допустимых значений;Код события;№№;Полная мощность фазы C в диапазоне нормально допустимых значений;;;measure;Полная мощность фазы C в диапазоне нормально допустимых значений;0;0;;-;;10711;2
1300389;ПК ЗАРЯ;Полная мощность фазы C за верхней границей нормально допустимых значений;Код события;№№;Полная мощность фазы C за верхней границей нормально допустимых значений;;;measure;Полная мощность фазы C за верхней границей нормально допустимых значений;0;0;;-;;10712;2
1300390;ПК ЗАРЯ;Полная мощность фазы C за нижней границей предельно допустимого значения;Код события;№№;Полная мощность фазы C за нижней границей предельно допустимого значения;;;measure;Полная мощность фазы C за нижней границей предельно допустимого значения;0;0;;-;;10713;2
1300391;ПК ЗАРЯ;Полная мощность фазы C в диапазоне предельно допустимых значений;Код события;№№;Полная мощность фазы C в диапазоне предельно допустимых значений;;;measure;Полная мощность фазы C в диапазоне предельно допустимых значений;0;0;;-;;10714;2
1300392;ПК ЗАРЯ;Полная мощность фазы C за верхней границей предельно допустимых значений;Код события;№№;Полная мощность фазы C за верхней границей предельно допустимых значений;;;measure;Полная мощность фазы C за верхней границей предельно допустимых значений;0;0;;-;;10715;2
1300393;ПК ЗАРЯ;Превышение относительного отклонения по полной мощности фазы C;Код события;№№;Превышение относительного отклонения по полной мощности фазы C;;;measure;Превышение относительного отклонения по полной мощности фазы C;0;0;;-;;10716;2
1300394;ПК ЗАРЯ;Дубликат_Ia в диапазоне нормально допустимых значений;Код события;№№;Ia в диапазоне нормально допустимых значений;;;measure;Ia в диапазоне нормально допустимых значений;0;0;;-;;10717;2
1300395;ПК ЗАРЯ;Дубликат_Ia в диапазоне нормально допустимых значений;Код события;№№;Ia в диапазоне нормально допустимых значений;;;measure;Ia в диапазоне нормально допустимых значений;0;0;;-;;10718;2
1300396;ПК ЗАРЯ;Полная мощность за нижней границей предельно допустимого значения;Код события;№№;Полная мощность за нижней границей предельно допустимого значения;;;measure;Полная мощность за нижней границей предельно допустимого значения;0;0;;-;;10719;2
1300397;ПК ЗАРЯ;Полная мощность в диапазоне предельно допустимых значений;Код события;№№;Полная мощность в диапазоне предельно допустимых значений;;;measure;Полная мощность в диапазоне предельно допустимых значений;0;0;;-;;10720;2
1300398;ПК ЗАРЯ;Полная мощность за верхней границей предельно допустимых значений;Код события;№№;Полная мощность за верхней границей предельно допустимых значений;;;measure;Полная мощность за верхней границей предельно допустимых значений;0;0;;-;;10721;2
1300399;ПК ЗАРЯ;Превышение относительного отклонения по полной мощности;Код события;№№;Превышение относительного отклонения по полной мощности;;;measure;Превышение относительного отклонения по полной мощности;0;0;;-;;10722;2
1300400;ПК ЗАРЯ;Срабатывание защиты от перегрузки, фаза R;Код события;№№;Срабатывание защиты от перегрузки, фаза R;;;measure;Срабатывание защиты от перегрузки, фаза R;0;0;;-;;10723;2
1300401;ПК ЗАРЯ;Срабатывание защиты от перегрузки, фаза S;Код события;№№;Срабатывание защиты от перегрузки, фаза S;;;measure;Срабатывание защиты от перегрузки, фаза S;0;0;;-;;10724;2
1300402;ПК ЗАРЯ;Срабатывание защиты от перегрузки, фаза T;Код события;№№;Срабатывание защиты от перегрузки, фаза T;;;measure;Срабатывание защиты от перегрузки, фаза T;0;0;;-;;10725;2
1300403;ПК ЗАРЯ;Срабатывание защиты от перегрузки, фаза N;Код события;№№;Срабатывание защиты от перегрузки, фаза N;;;measure;Срабатывание защиты от перегрузки, фаза N;0;0;;-;;10726;2
1300404;ПК ЗАРЯ;Срабатывание защиты от сверхтока, фаза R;Код события;№№;Срабатывание защиты от сверхтока, фаза R;;;measure;Срабатывание защиты от сверхтока, фаза R;0;0;;-;;10727;2
1300405;ПК ЗАРЯ;Срабатывание защиты от сверхтока, фаза S;Код события;№№;Срабатывание защиты от сверхтока, фаза S;;;measure;Срабатывание защиты от сверхтока, фаза S;0;0;;-;;10728;2
1300406;ПК ЗАРЯ;Срабатывание защиты от сверхтока, фаза T;Код события;№№;Срабатывание защиты от сверхтока, фаза T;;;measure;Срабатывание защиты от сверхтока, фаза T;0;0;;-;;10729;2
1300407;ПК ЗАРЯ;Срабатывание защиты от сверхтока, фаза N;Код события;№№;Срабатывание защиты от сверхтока, фаза N;;;measure;Срабатывание защиты от сверхтока, фаза N;0;0;;-;;10730;2
1300408;ПК ЗАРЯ;Защитное отключение тока по порогу, фаза R;Код события;№№;Защитное отключение тока по порогу, фаза R;;;measure;Защитное отключение тока по порогу, фаза R;0;0;;-;;10731;2
1300409;ПК ЗАРЯ;Защитное отключение тока по порогу, фаза S;Код события;№№;Защитное отключение тока по порогу, фаза S;;;measure;Защитное отключение тока по порогу, фаза S;0;0;;-;;10732;2
1300410;ПК ЗАРЯ;Защитное отключение тока по порогу, фаза T;Код события;№№;Защитное отключение тока по порогу, фаза T;;;measure;Защитное отключение тока по порогу, фаза T;0;0;;-;;10733;2
1300411;ПК ЗАРЯ;Защитное отключение тока по порогу, фаза N;Код события;№№;Защитное отключение тока по порогу, фаза N;;;measure;Защитное отключение тока по порогу, фаза N;0;0;;-;;10734;2
1300412;ПК ЗАРЯ;Срабатывание защиты от замыкания на землю;Код события;№№;Срабатывание защиты от замыкания на землю;;;measure;Срабатывание защиты от замыкания на землю;0;0;;-;;10735;2
1300413;ПК ЗАРЯ;Срабатывание защиты от замыкания на землю, фаза R;Код события;№№;Срабатывание защиты от замыкания на землю, фаза R;;;measure;Срабатывание защиты от замыкания на землю, фаза R;0;0;;-;;10736;2
1300414;ПК ЗАРЯ;Срабатывание защиты от замыкания на землю, фаза S;Код события;№№;Срабатывание защиты от замыкания на землю, фаза S;;;measure;Срабатывание защиты от замыкания на землю, фаза S;0;0;;-;;10737;2
1300415;ПК ЗАРЯ;Срабатывание защиты от замыкания на землю, фаза T;Код события;№№;Срабатывание защиты от замыкания на землю, фаза T;;;measure;Срабатывание защиты от замыкания на землю, фаза T;0;0;;-;;10738;2
1300416;ПК ЗАРЯ;Срабатывание защиты от замыкания на землю, фаза N;Код события;№№;Срабатывание защиты от замыкания на землю, фаза N;;;measure;Срабатывание защиты от замыкания на землю, фаза N;0;0;;-;;10739;2
1300417;ПК ЗАРЯ;Косинус Фи фазы A за нижней границей нормально допустимого значения;Код события;№№;Косинус Фи фазы A за нижней границей нормально допустимого значения;;;measure;Косинус Фи фазы A за нижней границей нормально допустимого значения;0;0;;-;;10740;2
1300418;ПК ЗАРЯ;Косинус Фи фазы A в диапазоне нормально допустимых значений;Код события;№№;Косинус Фи фазы A в диапазоне нормально допустимых значений;;;measure;Косинус Фи фазы A в диапазоне нормально допустимых значений;0;0;;-;;10741;2
1300419;ПК ЗАРЯ;Косинус Фи фазы A за верхней границей нормально допустимых значений;Код события;№№;Косинус Фи фазы A за верхней границей нормально допустимых значений;;;measure;Косинус Фи фазы A за верхней границей нормально допустимых значений;0;0;;-;;10742;2
1300420;ПК ЗАРЯ;Косинус Фи фазы A за нижней границей предельно допустимого значения;Код события;№№;Косинус Фи фазы A за нижней границей предельно допустимого значения;;;measure;Косинус Фи фазы A за нижней границей предельно допустимого значения;0;0;;-;;10743;2
1300421;ПК ЗАРЯ;Косинус Фи фазы A в диапазоне предельно допустимых значений;Код события;№№;Косинус Фи фазы A в диапазоне предельно допустимых значений;;;measure;Косинус Фи фазы A в диапазоне предельно допустимых значений;0;0;;-;;10744;2
1300422;ПК ЗАРЯ;Косинус Фи фазы A за верхней границей предельно допустимых значений;Код события;№№;Косинус Фи фазы A за верхней границей предельно допустимых значений;;;measure;Косинус Фи фазы A за верхней границей предельно допустимых значений;0;0;;-;;10745;2
1300423;ПК ЗАРЯ;Превышение относительного отклонения по косинусу Фи фазы A;Код события;№№;Превышение относительного отклонения по косинусу Фи фазы A;;;measure;Превышение относительного отклонения по косинусу Фи фазы A;0;0;;-;;10746;2
1300424;ПК ЗАРЯ;Косинус Фи фазы B за нижней границей нормально допустимого значения;Код события;№№;Косинус Фи фазы B за нижней границей нормально допустимого значения;;;measure;Косинус Фи фазы B за нижней границей нормально допустимого значения;0;0;;-;;10747;2
1300425;ПК ЗАРЯ;Косинус Фи фазы B в диапазоне нормально допустимых значений;Код события;№№;Косинус Фи фазы B в диапазоне нормально допустимых значений;;;measure;Косинус Фи фазы B в диапазоне нормально допустимых значений;0;0;;-;;10748;2
1300426;ПК ЗАРЯ;Косинус Фи фазы B за верхней границей нормально допустимых значений;Код события;№№;Косинус Фи фазы B за верхней границей нормально допустимых значений;;;measure;Косинус Фи фазы B за верхней границей нормально допустимых значений;0;0;;-;;10749;2
1300427;ПК ЗАРЯ;Косинус Фи фазы B за нижней границей предельно допустимого значения;Код события;№№;Косинус Фи фазы B за нижней границей предельно допустимого значения;;;measure;Косинус Фи фазы B за нижней границей предельно допустимого значения;0;0;;-;;10750;2
1300428;ПК ЗАРЯ;Косинус Фи фазы B в диапазоне предельно допустимых значений;Код события;№№;Косинус Фи фазы B в диапазоне предельно допустимых значений;;;measure;Косинус Фи фазы B в диапазоне предельно допустимых значений;0;0;;-;;10751;2
1300429;ПК ЗАРЯ;Косинус Фи фазы B за верхней границей предельно допустимых значений;Код события;№№;Косинус Фи фазы B за верхней границей предельно допустимых значений;;;measure;Косинус Фи фазы B за верхней границей предельно допустимых значений;0;0;;-;;10752;2
1300430;ПК ЗАРЯ;Превышение относительного отклонения по косинусу Фи фазы B;Код события;№№;Превышение относительного отклонения по косинусу Фи фазы B;;;measure;Превышение относительного отклонения по косинусу Фи фазы B;0;0;;-;;10753;2
1300431;ПК ЗАРЯ;Косинус Фи фазы C за нижней границей нормально допустимого значения;Код события;№№;Косинус Фи фазы C за нижней границей нормально допустимого значения;;;measure;Косинус Фи фазы C за нижней границей нормально допустимого значения;0;0;;-;;10754;2
1300432;ПК ЗАРЯ;Косинус Фи фазы C в диапазоне нормально допустимых значений;Код события;№№;Косинус Фи фазы C в диапазоне нормально допустимых значений;;;measure;Косинус Фи фазы C в диапазоне нормально допустимых значений;0;0;;-;;10755;2
1300433;ПК ЗАРЯ;Косинус Фи фазы C за верхней границей нормально допустимых значений;Код события;№№;Косинус Фи фазы C за верхней границей нормально допустимых значений;;;measure;Косинус Фи фазы C за верхней границей нормально допустимых значений;0;0;;-;;10756;2
1300434;ПК ЗАРЯ;Косинус Фи фазы C за нижней границей предельно допустимого значения;Код события;№№;Косинус Фи фазы C за нижней границей предельно допустимого значения;;;measure;Косинус Фи фазы C за нижней границей предельно допустимого значения;0;0;;-;;10757;2
1300435;ПК ЗАРЯ;Косинус Фи фазы C в диапазоне предельно допустимых значений;Код события;№№;Косинус Фи фазы C в диапазоне предельно допустимых значений;;;measure;Косинус Фи фазы C в диапазоне предельно допустимых значений;0;0;;-;;10758;2
1300436;ПК ЗАРЯ;Косинус Фи фазы C за верхней границей предельно допустимых значений;Код события;№№;Косинус Фи фазы C за верхней границей предельно допустимых значений;;;measure;Косинус Фи фазы C за верхней границей предельно допустимых значений;0;0;;-;;10759;2
1300437;ПК ЗАРЯ;Превышение относительного отклонения по косинусу Фи фазы C;Код события;№№;Превышение относительного отклонения по косинусу Фи фазы C;;;measure;Превышение относительного отклонения по косинусу Фи фазы C;0;0;;-;;10760;2
1300438;ПК ЗАРЯ;Косинус Фи за нижней границей нормально допустимого значения;Код события;№№;Косинус Фи за нижней границей нормально допустимого значения;;;measure;Косинус Фи за нижней границей нормально допустимого значения;0;0;;-;;10761;2
1300439;ПК ЗАРЯ;Косинус Фи в диапазоне нормально допустимых значений;Код события;№№;Косинус Фи в диапазоне нормально допустимых значений;;;measure;Косинус Фи в диапазоне нормально допустимых значений;0;0;;-;;10762;2
1300440;ПК ЗАРЯ;Косинус Фи за верхней границей нормально допустимых значений;Код события;№№;Косинус Фи за верхней границей нормально допустимых значений;;;measure;Косинус Фи за верхней границей нормально допустимых значений;0;0;;-;;10763;2
1300441;ПК ЗАРЯ;Косинус Фи за нижней границей предельно допустимого значения;Код события;№№;Косинус Фи за нижней границей предельно допустимого значения;;;measure;Косинус Фи за нижней границей предельно допустимого значения;0;0;;-;;10764;2
1300442;ПК ЗАРЯ;Косинус Фи в диапазоне предельно допустимых значений;Код события;№№;Косинус Фи в диапазоне предельно допустимых значений;;;measure;Косинус Фи в диапазоне предельно допустимых значений;0;0;;-;;10765;2
1300443;ПК ЗАРЯ;Косинус Фи за верхней границей предельно допустимых значений;Код события;№№;Косинус Фи за верхней границей предельно допустимых значений;;;measure;Косинус Фи за верхней границей предельно допустимых значений;0;0;;-;;10766;2
1300444;ПК ЗАРЯ;Превышение относительного отклонения по косинусу Фи;Код события;№№;Превышение относительного отклонения по косинусу Фи;;;measure;Превышение относительного отклонения по косинусу Фи;0;0;;-;;10767;2
1300445;ПК ЗАРЯ;Превышение относительного отклонения по напряжению прямой последовательности;Код события;№№;Превышение относительного отклонения по напряжению прямой последовательности;;;measure;Превышение относительного отклонения по напряжению прямой последовательности;0;0;;-;;10768;2
1300446;ПК ЗАРЯ;Напряжение обратной последовательности за нижней границей нормально допустимого значения;Код события;№№;Напряжение обратной последовательности за нижней границей нормально допустимого значения;;;measure;Напряжение обратной последовательности за нижней границей нормально допустимого значения;0;0;;-;;10769;2
1300447;ПК ЗАРЯ;Напряжение обратной последовательности в диапазоне нормально допустимых значений;Код события;№№;Напряжение обратной последовательности в диапазоне нормально допустимых значений;;;measure;Напряжение обратной последовательности в диапазоне нормально допустимых значений;0;0;;-;;10770;2
1300448;ПК ЗАРЯ;Напряжение обратной последовательности за верхней границей нормально допустимых значений;Код события;№№;Напряжение обратной последовательности за верхней границей нормально допустимых значений;;;measure;Напряжение обратной последовательности за верхней границей нормально допустимых значений;0;0;;-;;10771;2
1300449;ПК ЗАРЯ;Напряжение обратной последовательности за нижней границей предельно допустимого значения;Код события;№№;Напряжение обратной последовательности за нижней границей предельно допустимого значения;;;measure;Напряжение обратной последовательности за нижней границей предельно допустимого значения;0;0;;-;;10772;2
1300450;ПК ЗАРЯ;Напряжение обратной последовательности в диапазоне предельно допустимых значений;Код события;№№;Напряжение обратной последовательности в диапазоне предельно допустимых значений;;;measure;Напряжение обратной последовательности в диапазоне предельно допустимых значений;0;0;;-;;10773;2
1300451;ПК ЗАРЯ;Напряжение обратной последовательности за верхней границей предельно допустимых значений;Код события;№№;Напряжение обратной последовательности за верхней границей предельно допустимых значений;;;measure;Напряжение обратной последовательности за верхней границей предельно допустимых значений;0;0;;-;;10774;2
1300452;ПК ЗАРЯ;Превышение относительного отклонения по напряжению обратной последовательности;Код события;№№;Превышение относительного отклонения по напряжению обратной последовательности;;;measure;Превышение относительного отклонения по напряжению обратной последовательности;0;0;;-;;10775;2
1300453;ПК ЗАРЯ;Напряжение нулевой последовательности за нижней границей нормально допустимого значения;Код события;№№;Напряжение нулевой последовательности за нижней границей нормально допустимого значения;;;measure;Напряжение нулевой последовательности за нижней границей нормально допустимого значения;0;0;;-;;10776;2
1300454;ПК ЗАРЯ;Напряжение нулевой последовательности в диапазоне нормально допустимых значений;Код события;№№;Напряжение нулевой последовательности в диапазоне нормально допустимых значений;;;measure;Напряжение нулевой последовательности в диапазоне нормально допустимых значений;0;0;;-;;10777;2
1300455;ПК ЗАРЯ;Напряжение нулевой последовательности за верхней границей нормально допустимых значений;Код события;№№;Напряжение нулевой последовательности за верхней границей нормально допустимых значений;;;measure;Напряжение нулевой последовательности за верхней границей нормально допустимых значений;0;0;;-;;10778;2
1300456;ПК ЗАРЯ;Напряжение нулевой последовательности за нижней границей предельно допустимого значения;Код события;№№;Напряжение нулевой последовательности за нижней границей предельно допустимого значения;;;measure;Напряжение нулевой последовательности за нижней границей предельно допустимого значения;0;0;;-;;10779;2
1300457;ПК ЗАРЯ;Напряжение нулевой последовательности в диапазоне предельно допустимых значений;Код события;№№;Напряжение нулевой последовательности в диапазоне предельно допустимых значений;;;measure;Напряжение нулевой последовательности в диапазоне предельно допустимых значений;0;0;;-;;10780;2
1300458;ПК ЗАРЯ;Напряжение нулевой последовательности за верхней границей предельно допустимых значений;Код события;№№;Напряжение нулевой последовательности за верхней границей предельно допустимых значений;;;measure;Напряжение нулевой последовательности за верхней границей предельно допустимых значений;0;0;;-;;10781;2
1300459;ПК ЗАРЯ;Превышение относительного отклонения по напряжению нулевой последовательности;Код события;№№;Превышение относительного отклонения по напряжению нулевой последовательности;;;measure;Превышение относительного отклонения по напряжению нулевой последовательности;0;0;;-;;10782;2
1300460;ПК ЗАРЯ;Превышение относительного отклонения по частоте сети;Код события;№№;Превышение относительного отклонения по частоте сети;;;measure;Превышение относительного отклонения по частоте сети;0;0;;-;;10783;2
1300461;ПК ЗАРЯ;Температура за нижней границей нормально допустимого значения;Код события;№№;Температура за нижней границей нормально допустимого значения;;;measure;Температура за нижней границей нормально допустимого значения;0;0;;-;;10784;2
1300462;ПК ЗАРЯ;Температура в диапазоне нормально допустимых значений;Код события;№№;Температура в диапазоне нормально допустимых значений;;;measure;Температура в диапазоне нормально допустимых значений;0;0;;-;;10785;2
1300463;ПК ЗАРЯ;Температура за верхней границей нормально допустимых значений;Код события;№№;Температура за верхней границей нормально допустимых значений;;;measure;Температура за верхней границей нормально допустимых значений;0;0;;-;;10786;2
1300464;ПК ЗАРЯ;Температура за нижней границей предельно допустимого значения;Код события;№№;Температура за нижней границей предельно допустимого значения;;;measure;Температура за нижней границей предельно допустимого значения;0;0;;-;;10787;2
1300465;ПК ЗАРЯ;Температура в диапазоне предельно допустимых значений;Код события;№№;Температура в диапазоне предельно допустимых значений;;;measure;Температура в диапазоне предельно допустимых значений;0;0;;-;;10788;2
1300466;ПК ЗАРЯ;Дубликат_Ia в диапазоне нормально допустимых значений;Код события;№№;Ia в диапазоне нормально допустимых значений;;;measure;Ia в диапазоне нормально допустимых значений;0;0;;-;;10789;2
1300467;ПК ЗАРЯ;Температура за верхней границей предельно допустимых значений;Код события;№№;Температура за верхней границей предельно допустимых значений;;;measure;Температура за верхней границей предельно допустимых значений;0;0;;-;;10790;2
1300468;ПК ЗАРЯ;Превышение относительного отклонения по напряжению нулевой последовательности;Код события;№№;Превышение относительного отклонения по напряжению нулевой последовательности;;;measure;Превышение относительного отклонения по напряжению нулевой последовательности;0;0;;-;;10791;2
1300469;ПК ЗАРЯ;Idiff за нижней границей НДЗ;Код события;№№;Idiff за нижней границей НДЗ;;;measure;Idiff за нижней границей НДЗ;0;0;;-;;10792;2
1300470;ПК ЗАРЯ;Idiff в границах НДЗ;Код события;№№;Idiff в границах НДЗ;;;measure;Idiff в границах НДЗ;0;0;;-;;10793;2
1300471;ПК ЗАРЯ;Idiff за верхней границей НДЗ;Код события;№№;Idiff за верхней границей НДЗ;;;measure;Idiff за верхней границей НДЗ;0;0;;-;;10794;2
1300472;ПК ЗАРЯ;Idiff за нижней границей ПДЗ;Код события;№№;Idiff за нижней границей ПДЗ;;;measure;Idiff за нижней границей ПДЗ;0;0;;-;;10795;2
1300473;ПК ЗАРЯ;Idiff в границах ПДЗ;Код события;№№;Idiff в границах ПДЗ;;;measure;Idiff в границах ПДЗ;0;0;;-;;10796;2
1300474;ПК ЗАРЯ;Idiff за верхней границей ПДЗ;Код события;№№;Idiff за верхней границей ПДЗ;;;measure;Idiff за верхней границей ПДЗ;0;0;;-;;10797;2
1301002;ЭнергоМИР;Обмен по каналу связи разрешен;Код события;№№;Обмен по каналу связи разрешен;;;;Обмен по каналу связи разрешен;0;0;;-;;10278;2
1301003;ЭнергоМИР;Обмен по каналу связи запрещен;Код события;№№;Обмен по каналу связи запрещен;;;;Обмен по каналу связи запрещен;0;0;;-;;10279;2
1301010;ЭнергоМИР;Переход на основной канал;Код события;№№;Переход на основной канал;;;;Переход на основной канал;0;0;;-;;10212;2
1301011;ЭнергоМИР;Переход на резервный канал;Код события;№№;Переход на резервный канал;;;;Переход на резервный канал;0;0;;-;;10214;2
1301020;ЭнергоМИР;Канал связи: основной;Код события;№№;Канал связи: основной;;;;Канал связи: основной;0;0;;-;;10215;2
1301021;ЭнергоМИР;Канал связи: первый резервный;Код события;№№;Канал связи: первый резервный;;;;Канал связи: первый резервный;0;0;;-;;10216;2
1301022;ЭнергоМИР;Канал связи: второй резервный;Код события;№№;Канал связи: второй резервный;;;;Канал связи: второй резервный;0;0;;-;;10217;2
1302000;ЭнергоМИР;Включение;Код события;№№;Включение;;;measure;Включение;0;0;;-;;10188;2
1302001;ЭнергоМИР;Отключение;Код события;№№;Отключение;;;measure;Отключение;0;0;;-;;10189;2
1302002;ЭнергоМИР;Связь восстановлена;Код события;№№;Связь восстановлена;;;;Связь восстановлена;0;0;;-;;10218;2
1302003;ЭнергоМИР;Связь потеряна;Код события;№№;Связь потеряна;;;;Связь потеряна;0;0;;-;;10220;2
1302004;ЭнергоМИР;В работе;Код события;№№;В работе;;;;В работе;0;0;;-;;10221;2
1302005;ЭнергоМИР;Неисправность;Код события;№№;Неисправность;;;;Неисправность;0;0;;-;;10222;2
1302006;ЭнергоМИР;Самодиагностика прошла успешно;Код события;№№;Самодиагностика прошла успешно;;;;Самодиагностика прошла успешно;0;0;;-;;10223;2
1302007;ЭнергоМИР;Самодиагностика прошла неудачно;Код события;№№;Самодиагностика прошла неудачно;;;;Самодиагностика прошла неудачно;0;0;;-;;10224;2
1302008;ЭнергоМИР;Программный сброс;Код события;№№;Программный сброс;;;;Программный сброс;0;0;;-;;10225;2
1302009;ЭнергоМИР;Аппаратный сброс;Код события;№№;Аппаратный сброс;;;;Аппаратный сброс;0;0;;-;;10226;2
1302010;ЭнергоМИР;Требование уставок;Код события;№№;Требование уставок;;;;Требование уставок;0;0;;-;;10227;2
1302011;ЭнергоМИР;Уставки приняты;Код события;№№;Уставки приняты;;;;Уставки приняты;0;0;;-;;10228;2
1302012;ЭнергоМИР;Уставки не приняты;Код события;№№;Уставки не приняты;;;;Уставки не приняты;0;0;;-;;10229;2
1302020;ЭнергоМИР;Запрос синхронизации времени;Код события;№№;Запрос синхронизации времени;;;;Запрос синхронизации времени;0;0;;-;;10230;2
1302021;ЭнергоМИР;Удалены все события из очереди;Код события;№№;Удалены все события из очереди;;;;Удалены все события из очереди;0;0;;-;;10231;2
1302022;ЭнергоМИР;Произведена корректировка времени;Код события;№№;Произведена корректировка времени;;;;Произведена корректировка времени;0;0;;-;;10232;2
1302023;ЭнергоМИР;Коррекция времени более 5 секунд;Код события;№№;Коррекция времени более 5 секунд;;;;Коррекция времени более 5 секунд;0;0;;-;;10233;2
1302025;ЭнергоМИР;Перезапуск;Код события;№№;Перезапуск;;;;Перезапуск;0;0;;-;;10234;2
1302026;ЭнергоМИР;Программный перезапуск;Код события;№№;Программный перезапуск;;;;Программный перезапуск;0;0;;-;;10235;2
1302027;ЭнергоМИР;Аппаратный перезапуск;Код события;№№;Аппаратный перезапуск;;;;Аппаратный перезапуск;0;0;;-;;10236;2
1302500;ЭнергоМИР;Есть основное питание;Код события;№№;Есть основное питание;;;;Есть основное питание;0;0;;-;;10237;2
1302501;ЭнергоМИР;Нет основного питания;Код события;№№;Нет основного питания;;;;Нет основного питания;0;0;;-;;10238;2
1302502;ЭнергоМИР;Есть резервное питание;Код события;№№;Есть резервное питание;;;;Есть резервное питание;0;0;;-;;10239;2
1302503;ЭнергоМИР;Нет резервного питания;Код события;№№;Нет резервного питания;;;;Нет резервного питания;0;0;;-;;10240;2
1302504;ЭнергоМИР;Переход на резервное питание;Код события;№№;Переход на резервное питание;;;;Переход на резервное питание;0;0;;-;;10241;2
1302505;ЭнергоМИР;Переход на основное питание;Код события;№№;Переход на основное питание;;;;Переход на основное питание;0;0;;-;;10242;2
1302506;ЭнергоМИР;Начало периода перерыва питания;Код события;№№;Начало периода перерыва питания;;;;Начало периода перерыва питания;0;0;;-;;10243;2
1302507;ЭнергоМИР;Окончание периода перерыва питания;Код события;№№;Окончание периода перерыва питания;;;;Окончание периода перерыва питания;0;0;;-;;10244;2
1302508;ЭнергоМИР;Переход в режим ТУ;Код события;№№;Переход в режим ТУ;;;;Переход в режим ТУ;0;0;;-;;10245;2
1302509;ЭнергоМИР;Выход из режима ТУ;Код события;№№;Выход из режима ТУ;;;;Выход из режима ТУ;0;0;;-;;10246;2
1302510;ЭнергоМИР;Батарейка ОЗУ исправна;Код события;№№;Батарейка ОЗУ исправна;;;;Батарейка ОЗУ исправна;0;0;;-;;10247;2
1302511;ЭнергоМИР;Батарейка ОЗУ неисправна;Код события;№№;Батарейка ОЗУ неисправна;;;;Батарейка ОЗУ неисправна;0;0;;-;;10248;2
1302512;ЭнергоМИР;Обогрев включен;Код события;№№;Обогрев включен;;;;Обогрев включен;0;0;;-;;10249;2
1302513;ЭнергоМИР;Обогрев выключен;Код события;№№;Обогрев выключен;;;;Обогрев выключен;0;0;;-;;10251;2
1302520;ЭнергоМИР;Команда принята к исполнению;Код события;№№;Команда принята к исполнению;;;;Команда принята к исполнению;0;0;;-;;10267;2
1302521;ЭнергоМИР;Команда выполнена успешно;Код события;№№;Команда выполнена успешно;;;;Команда выполнена успешно;0;0;;-;;10268;2
1302522;ЭнергоМИР;Нет ответа от КП;Код события;№№;Нет ответа от КП;;;;Нет ответа от КП;0;0;;-;;10269;2
1302523;ЭнергоМИР;Ошибка в структуре ответа;Код события;№№;Ошибка в структуре ответа;;;;Ошибка в структуре ответа;0;0;;-;;10270;2
1302524;ЭнергоМИР;Команда не принята к исполнению;Код события;№№;Команда не принята к исполнению;;;;Команда не принята к исполнению;0;0;;-;;10271;2
1302525;ЭнергоМИР;Нет прав на выполнение команды;Код события;№№;Нет прав на выполнение команды;;;;Нет прав на выполнение команды;0;0;;-;;10272;2
1302526;ЭнергоМИР;Выполняется предыдущая команда ТУ на КП;Код события;№№;Выполняется предыдущая команда ТУ на КП;;;;Выполняется предыдущая команда ТУ нп КП;0;0;;-;;10273;2
1302527;ЭнергоМИР;Отключена активность входа ТУ;Код события;№№;Отключена активность входа ТУ;;;;Отключена активность входа ТУ;0;0;;-;;10274;2
1302528;ЭнергоМИР;Сбой при выполнении команды;Код события;№№;Сбой при выполнении команды;;;;Сбой при выполнении команды;0;0;;-;;10275;2
1302600;ЭнергоМИР;Изменен верхний предупредительный предел;Код события;№№;Изменен верхний предупредительный предел;;;;Изменен верхний предупредительный предел;0;0;;-;;10252;2
1302601;ЭнергоМИР;Изменен нижний предупредительный предел;Код события;№№;Изменен нижний предупредительный предел;;;;Изменен нижний предупредительный предел;0;0;;-;;10253;2
1302602;ЭнергоМИР;Изменен верхний аварийный предел;Код события;№№;Изменен верхний аварийный предел;;;;Изменен верхний аварийный предел;0;0;;-;;10254;2
1302603;ЭнергоМИР;Изменен нижний аварийный предел;Код события;№№;Изменен нижний аварийный предел;;;;Изменен нижний аварийный предел;0;0;;-;;10255;2
1302604;ЭнергоМИР;Получено новое значение;Код события;№№;Получено новое значение;;;;Получено новое значение;0;0;;-;;10256;2
1302605;ЭнергоМИР;Значение в норме;Код события;№№;Значение в норме;;;;Значение в норме;0;0;;-;;10257;2
1302606;ЭнергоМИР;Верхний предупредительный предел;Код события;№№;Верхний предупредительный предел;;;;Верхний предупредительный предел;0;0;;-;;10258;2
1302607;ЭнергоМИР;Нижний предупредительный предел;Код события;№№;Нижний предупредительный предел;;;;Нижний предупредительный предел;0;0;;-;;10259;2
1302608;ЭнергоМИР;Верхний аварийный предел;Код события;№№;Верхний аварийный предел;;;;Верхний аварийный предел;0;0;;-;;10261;2
1302609;ЭнергоМИР;Нижний аварийный предел;Код события;№№;Нижний аварийный предел;;;;Нижний аварийный предел;0;0;;-;;10262;2
1302610;ЭнергоМИР;Инверсия включена;Код события;№№;Инверсия включена;;;;Инверсия включена;0;0;;-;;10263;2
1302611;ЭнергоМИР;Инверсия выключена;Код события;№№;Инверсия выключена;;;;Инверсия выключена;0;0;;-;;10264;2
1302612;ЭнергоМИР;Есть оперативное напряжение;Код события;№№;Есть оперативное напряжение;;;;Есть оперативное напряжение;0;0;;-;;10265;2
1302613;ЭнергоМИР;Нет оперативного напряжения;Код события;№№;Нет оперативного напряжения;;;;Нет оперативного напряжения;0;0;;-;;10266;2
1303000;ЭнергоМИР;Пересечение порога вверх;Код события;№№;Пересечение порога вверх;;;;Пересечение порога вверх;0;0;;-;;10422;2
1303001;ЭнергоМИР;Пересечение порога вниз;Код события;№№;Пересечение порога вниз;;;;Пересечение порога вниз;0;0;;-;;10423;2
1303002;ЭнергоМИР;Получено альтернативное значение;Код события;№№;Получено альтернативное значение;;;;Получено альтернативное значение;0;0;;-;;10453;2
1304000;ЭнергоМИР;Плакат установлен;Код события;№№;Плакат установлен;;;;Плакат установлен;0;0;;-;;11537;2
1304001;ЭнергоМИР;Плакат снят;Код события;№№;Плакат снят;;;;Плакат снят;0;0;;-;;11538;2
